[
  {
    "dimension": {
      "f_135804_": "minecraft",
      "f_135805_": "overworld"
    },
    "id": "01ca1904-5406-476f-8db4-2a504f7b8030",
    "ownerID": "4ddf5480-f63b-382c-9366-ac5799318092",
    "pos": {
      "f_123285_": -381,
      "f_123286_": 79,
      "f_123289_": 44
    },
    "type": 0
  },
  {
    "dimension": {
      "f_135804_": "minecraft",
      "f_135805_": "overworld"
    },
    "id": "fe93715e-d983-4fc9-b1ac-ff339ad3bfc5",
    "ownerID": "4ddf5480-f63b-382c-9366-ac5799318092",
    "pos": {
      "f_123285_": -271,
      "f_123286_": 61,
      "f_123289_": 120
    },
    "type": 0
  },
  {
    "dimension": {
      "f_135804_": "minecraft",
      "f_135805_": "overworld"
    },
    "id": "883dfdec-6198-4ed3-9cbd-0fb9c44af1b9",
    "ownerID": "d8e06f3c-3124-35c1-9773-71499471234d",
    "pos": {
      "f_123285_": -829,
      "f_123286_": -26,
      "f_123289_": 285
    },
    "type": 1
  },
  {
    "dimension": {
      "f_135804_": "minecraft",
      "f_135805_": "overworld"
    },
    "id": "78499914-6223-474d-a907-f028d6d56271",
    "ownerID": "9f540fae-83a9-3b91-9a8d-380258e43f57",
    "pos": {
      "f_123285_": -732,
      "f_123286_": 82,
      "f_123289_": 955
    },
    "type": 0
  },
  {
    "dimension": {
      "f_135804_": "minecraft",
      "f_135805_": "overworld"
    },
    "id": "6ce97a2e-6d28-4599-bbb4-ec3269a2eeac",
    "ownerID": "37b52232-9118-3857-b87c-57e41e2b622e",
    "pos": {
      "f_123285_": 22,
      "f_123286_": 82,
      "f_123289_": -31
    },
    "type": 1
  }
]