[
  {
    "dimension": {
      "f_135804_": "minecraft",
      "f_135805_": "overworld"
    },
    "id": "6ce97a2e-6d28-4599-bbb4-ec3269a2eeac",
    "ownerID": "37b52232-9118-3857-b87c-57e41e2b622e",
    "pos": {
      "f_123285_": 22,
      "f_123286_": 82,
      "f_123289_": -31
    },
    "type": 1
  },
  {
    "dimension": {
      "f_135804_": "minecraft",
      "f_135805_": "overworld"
    },
    "id": "5de31e19-49d8-483e-9965-8c2a6a3e669b",
    "ownerID": "4ddf5480-f63b-382c-9366-ac5799318092",
    "pos": {
      "f_123285_": 0,
      "f_123286_": 159,
      "f_123289_": 85
    },
    "type": 0
  }
]