[
  {
    "dimension": {
      "f_135804_": "minecraft",
      "f_135805_": "overworld"
    },
    "id": "790d3ca1-f8e7-45ed-a98d-0bff2927eb49",
    "ownerID": "a4afbc9e-d558-321c-9e63-357eba465b49",
    "pos": {
      "f_123285_": -273,
      "f_123286_": 15,
      "f_123289_": 100
    },
    "type": 1
  },
  {
    "dimension": {
      "f_135804_": "minecraft",
      "f_135805_": "overworld"
    },
    "id": "fe93715e-d983-4fc9-b1ac-ff339ad3bfc5",
    "ownerID": "4ddf5480-f63b-382c-9366-ac5799318092",
    "pos": {
      "f_123285_": -271,
      "f_123286_": 61,
      "f_123289_": 120
    },
    "type": 0
  },
  {
    "dimension": {
      "f_135804_": "minecraft",
      "f_135805_": "overworld"
    },
    "id": "01ca1904-5406-476f-8db4-2a504f7b8030",
    "ownerID": "4ddf5480-f63b-382c-9366-ac5799318092",
    "pos": {
      "f_123285_": -381,
      "f_123286_": 79,
      "f_123289_": 44
    },
    "type": 0
  },
  {
    "dimension": {
      "f_135804_": "minecraft",
      "f_135805_": "overworld"
    },
    "id": "da4e7080-96d9-41b2-b6c1-93ff288f16a4",
    "ownerID": "4ddf5480-f63b-382c-9366-ac5799318092",
    "pos": {
      "f_123285_": -303,
      "f_123286_": 34,
      "f_123289_": 83
    },
    "type": 0
  },
  {
    "dimension": {
      "f_135804_": "minecraft",
      "f_135805_": "overworld"
    },
    "id": "6ce97a2e-6d28-4599-bbb4-ec3269a2eeac",
    "ownerID": "37b52232-9118-3857-b87c-57e41e2b622e",
    "pos": {
      "f_123285_": 22,
      "f_123286_": 82,
      "f_123289_": -31
    },
    "type": 1
  }
]