{"stats":{"minecraft:dropped":{"byg:biomepedia":2,"minecraft:spruce_sign":1,"minecraft:iron_sword":2,"minecraft:birch_planks":18,"minecraft:oak_log":3,"minecolonies:blockhutfield":1,"minecraft:glass_bottle":1,"minecraft:diamond":8,"minecraft:crafting_table":1,"minecraft:glow_berries":2,"minecraft:leather":2,"undead_unleashed:grave_metal_scrap":3,"minecraft:leather_helmet":4,"minecraft:emerald":10,"minecraft:redstone_lamp":3,"minecraft:dirt":20,"minecraft:red_bed":1,"undead_unleashed:cursed_cloth":1,"minecraft:netherite_scrap":2,"minecraft:gold_nugget":14,"minecraft:amethyst_shard":23,"minecraft:iron_pickaxe":3,"twigs:twig":15,"minecraft:gold_ingot":43,"minecraft:bone":63,"minecraft:crimson_fungus":32,"minecraft:stone_axe":1,"alexsmobs:animal_dictionary":2,"minecraft:cobbled_deepslate":34,"simplyswords:iron_twinblade":1,"minecraft:birch_sapling":20,"minecraft:obsidian":38,"minecraft:rotten_flesh":39,"iter_rpg:spawner_fragment":2,"undead_unleashed:grave_metal_ingot":1,"forbidden_arcanus:obsidian_ingot":2,"patchouli:guide_book":4,"minecraft:carrot":1,"minecraft:infested_stone_bricks":122,"byg:yellow_daffodil":1,"supplementaries:antique_ink":4,"iter_rpg:abyssquartz_shard":2,"supplementaries:flax_seeds":4,"minecraft:gunpowder":1,"apotheosis:gem":33,"minecraft:leather_boots":2,"minecraft:leather_leggings":2,"iter_rpg:spider_silk":1,"domum_ornamentum:beige_bricks":2,"minecraft:arrow":35,"majruszsaccessories:lucky_rock":3,"enigmaticlegacy:enigmatic_amulet":4,"minecraft:enchanted_book":1,"minecraft:iron_ingot":24,"minecraft:oak_slab":2,"majruszsaccessories:adventurer_kit":1,"forbidden_arcanus:tentacle":1,"minecraft:iron_helmet":1,"minecraft:cobblestone":276,"minecraft:book":39,"forbidden_arcanus:xpetrified_orb":1,"minecraft:granite":22,"enigmaticlegacy:corrupted_tome":2,"minecraft:chainmail_helmet":1,"apotheosis:epic_material":7,"minecraft:coal":360,"minecraft:stick":7,"ars_nouveau:worn_notebook":2,"galosphere:raw_silver":21,"minecraft:diorite":40,"minecraft:ink_sac":10,"minecraft:torch":57,"byg:soapstone":64,"forbidden_arcanus:spawner_scrap":13,"minecraft:string":17,"iter_rpg:potsherd":1,"minecraft:redstone":36,"mcsa:tim_leggings":1,"twigs:rhyolite":9,"minecraft:raw_copper":68,"minecraft:experience_bottle":4,"minecraft:raw_iron":112,"majruszsaccessories:miner_guide":1,"minecraft:iron_boots":1,"undead_unleashed:grave_metal_sword":1,"minecraft:hay_block":2,"aether:iron_gloves":1,"aether:diamond_gloves":1,"minecraft:iron_chestplate":7,"minecraft:andesite":60,"simplyswords:emberblade":1,"minecraft:spider_eye":2,"minecraft:wooden_pickaxe":1,"minecraft:raw_gold":16,"quark:diamond_heart":1},"minecraft:custom":{"enigmaticlegacy:play_time_with_seven_curses":0,"lootr:looted_stat":41,"minecraft:interact_with_crafting_table":48,"goblintraders:trade_with_goblin":3,"minecraft:leave_game":3,"minecraft:time_since_death":6006,"minecraft:damage_resisted":0,"minecraft:sprint_one_cm":558629,"minecraft:drop":239,"minecraft:talked_to_villager":1,"minecraft:play_time":388459,"minecraft:deaths":10,"minecraft:jump":4042,"minecraft:walk_on_water_one_cm":51206,"minecraft:interact_with_furnace":18,"minecraft:damage_dealt":44006,"minecraft:crouch_one_cm":16984,"minecraft:interact_with_smoker":1,"minecraft:interact_with_smithing_table":1,"minecraft:mob_kills":242,"minecraft:damage_dealt_resisted":3153,"minecraft:climb_one_cm":4329,"minecraft:walk_one_cm":831137,"minecraft:damage_dealt_absorbed":154,"minecraft:sneak_time":9107,"minecraft:walk_under_water_one_cm":42289,"minecraft:interact_with_blast_furnace":1,"minecraft:total_world_time":388459,"enigmaticlegacy:play_time_without_seven_curses":387360,"minecraft:time_since_rest":6128,"minecraft:damage_taken":4888,"minecraft:damage_absorbed":37,"minecraft:swim_one_cm":12788,"minecraft:fly_one_cm":911443,"minecraft:open_chest":8,"minecraft:fall_one_cm":84773},"minecraft:broken":{"minecraft:stone_pickaxe":2,"quark:forgotten_hat":2,"minecraft:iron_pickaxe":3},"minecraft:killed":{"minecraft:cave_spider":18,"minecraft:witch":1,"minecraft:spider":14,"enemyexpansion:equestrian":1,"quark:forgotten":3,"minecraft:skeleton":26,"minecraft:silverfish":3,"alexsmobs:centipede_head":2,"enemyexpansion:vampflyer":1,"quark:stoneling":1,"enemyexpansion:tarantula":1,"iter_rpg:spiderling":5,"minecraft:creeper":6,"undead_unleashed:frenzied_knight":2,"minecraft:trader_llama":3,"minecraft:zombie":78,"undead_unleashed:shadewraith":4,"enemyexpansion:vampire":6,"enemyexpansion:botfly":9,"minecraft:stray":1,"undead_unleashed:haunter":5,"quark:toretoise":5,"alexsmobs:tasmanian_devil":1,"enemyexpansion:direwolf":8,"minecraft:drowned":2,"enemyexpansion:goblin":6,"enemyexpansion:sprinter":2,"minecraft:wandering_trader":1,"majruszsdifficulty:cursed_armor":8,"whisperwoods:zotzpyre":2,"enemyexpansion:crawler":3,"alexsmobs:cockroach":2,"enemyexpansion:huntsman":4,"enemyexpansion:flutterfly":1,"enemyexpansion:slugger":2},"minecraft:killed_by":{"enemyexpansion:slugger":1,"minecraft:zombie":1,"majruszsdifficulty:cursed_armor":2,"enemyexpansion:trollenraged":1,"minecraft:skeleton":4,"enemyexpansion:ladybug":1},"minecraft:picked_up":{"quark:diamond_heart":1,"minecraft:iron_chestplate":6,"minecraft:light_blue_concrete":1,"minecraft:redstone_block":4,"undead_unleashed:cursed_cloth":1,"minecraft:enchanted_book":1,"forbidden_arcanus:xpetrified_orb":2,"minecraft:string":16,"apotheosis:epic_material":12,"minecraft:raw_copper":68,"minecraft:experience_bottle":5,"forbidden_arcanus:obsidian_ingot":2,"minecraft:gold_nugget":14,"minecraft:cobbled_deepslate":261,"undead_unleashed:grave_metal_sword":1,"minecraft:calcite":2,"minecraft:iron_pickaxe":1,"minecraft:iron_boots":1,"minecraft:furnace":1,"byg:yellow_daffodil":1,"apotheosis:gem":41,"minecraft:stick":9,"apotheosis:rare_material":5,"forbidden_arcanus:tentacle":1,"minecraft:torch":56,"minecraft:diorite":104,"alexsmobs:centipede_leg":1,"minecraft:orange_bed":1,"minecraft:rotten_flesh":52,"ars_nouveau:worn_notebook":2,"supplementaries:antique_ink":4,"simplyswords:emberblade":1,"supplementaries:ash":20,"minecraft:obsidian":38,"minecraft:cobblestone":462,"minecraft:birch_log":53,"minecraft:cooked_beef":1,"minecraft:andesite":66,"atmospheric:laurel_log":10,"supplementaries:flax_seeds":4,"minecraft:dirt":45,"minecraft:leather_boots":2,"minecraft:bone":63,"majruszsaccessories:miner_guide":2,"minecraft:raw_gold":40,"galosphere:raw_silver":21,"twigs:twig":38,"patchouli:guide_book":3,"iter_rpg:spider_silk":1,"minecraft:ink_sac":8,"minecraft:dark_oak_log":1,"quark:red_corundum":1,"alexsmobs:animal_dictionary":2,"minecraft:diamond":18,"iter_rpg:abyssquartz_shard":2,"minecraft:granite":40,"minecraft:spruce_sign":1,"minecraft:emerald":18,"minecraft:bread":12,"twigs:rhyolite":9,"iter_rpg:spawner_fragment":2,"minecraft:crafting_table":15,"byg:soapstone":77,"minecraft:redstone_lamp":8,"minecraft:leather_leggings":2,"cisco_mod:divine_core":1,"minecraft:gold_block":1,"minecraft:red_bed":1,"atmospheric:laurel_sapling":2,"minecraft:netherite_scrap":4,"undead_unleashed:grave_metal_ingot":1,"minecraft:iron_nugget":31,"minecraft:sugar_cane":5,"minecraft:birch_sapling":20,"minecraft:raw_iron":185,"minecolonies:blockhutfield":1,"minecraft:carrot":2,"majruszsaccessories:adventurer_kit":1,"minecraft:redstone":72,"byg:biomepedia":2,"minecraft:arrow":36,"majruszsaccessories:lucky_rock":3,"minecraft:hay_block":4,"minecraft:gold_ingot":44,"quark:monster_box":1,"forbidden_arcanus:spawner_scrap":13,"minecraft:bone_block":62,"minecraft:glow_ink_sac":7,"minecraft:leather":2,"minecraft:birch_planks":3,"minecraft:crimson_fungus":32,"minecraft:oak_log":3,"minecraft:gunpowder":1,"relics:midnight_robe":1,"atmospheric:orange":33,"quark:forgotten_hat":3,"minecraft:apple":6,"iter_rpg:potsherd":1,"minecraft:iron_ingot":39,"apotheosis:gem_dust":2,"minecraft:iron_sword":1,"minecraft:book":87,"minecraft:oak_slab":2,"quark:red_corundum_cluster":4,"minecraft:raw_iron_block":1,"minecraft:dripstone_block":3,"enigmaticlegacy:enigmatic_amulet":3,"minecraft:amethyst_shard":34,"undead_unleashed:grave_metal_scrap":3,"minecraft:blast_furnace":1,"minecraft:spider_eye":3,"minecraft:leather_helmet":4,"minecraft:infested_stone_bricks":122,"minecraft:coal":416},"minecraft:crafted":{"minecraft:birch_planks":44,"minecraft:stick":18,"minecraft:iron_ingot":24,"minecraft:gold_ingot":9,"minecraft:redstone":36,"minecraft:raw_iron":9,"minecraft:dark_oak_planks":4,"minecraft:air":0},"minecraft:used":{"minecraft:bone_block":3,"minecraft:rotten_flesh":13,"minecraft:carrot":1,"minecraft:obsidian":1,"minecraft:redstone_lamp":5,"minecraft:hay_block":2,"minecraft:furnace":1,"minecraft:diorite":1,"minecraft:stone_pickaxe":262,"minecraft:wooden_pickaxe":6,"simplyswords:emberblade":402,"minecraft:golden_apple":1,"minecraft:glow_berries":2,"minecraft:light_blue_concrete":1,"minecraft:dripstone_block":3,"minecraft:bread":29,"forbidden_arcanus:splash_aureal_bottle":1,"minecraft:andesite":6,"minecraft:dirt":6,"minecraft:wooden_axe":11,"minecraft:iron_axe":28,"minecraft:cooked_beef":1,"minecraft:cobbled_deepslate":1,"minecraft:calcite":2,"minecraft:birch_planks":55,"minecraft:crafting_table":14,"simplyswords:iron_twinblade":126,"minecraft:diamond_pickaxe":30,"minecraft:apple":16,"minecraft:iron_pickaxe":1066,"forbidden_arcanus:aureal_bottle":1,"minecraft:stone_axe":54,"minecraft:cobblestone":107},"minecraft:mined":{"minecraft:light_blue_concrete":1,"minecraft:granite":48,"minecraft:grass_block":5,"twigs:twig":1,"minecraft:spawner":19,"minecraft:raw_iron_block":1,"minecraft:iron_ore":67,"minecraft:fire":2,"minecraft:cobbled_deepslate":1,"minecraft:pointed_dripstone":1,"minecraft:iron_bars":2,"minecraft:spruce_slab":1,"minecraft:orange_bed":1,"minecraft:deepslate_redstone_ore":4,"minecraft:red_bed":1,"minecraft:blast_furnace":1,"minecraft:calcite":2,"galosphere:silver_ore":19,"minecraft:cobblestone":1,"minecraft:sugar_cane":2,"byg:soapstone":93,"minecraft:birch_log":53,"atmospheric:laurel_log":10,"minecraft:oak_log":3,"minecraft:dirt":34,"minecolonies:blockhutfield":1,"minecraft:smooth_basalt":1,"twigs:rhyolite":9,"minecraft:deepslate":268,"minecraft:redstone_lamp":8,"atmospheric:laurel_leaves":5,"quark:red_corundum":2,"minecraft:diamond_ore":2,"minecraft:tuff":3,"byg:clover_patch":1,"minecraft:deepslate_diamond_ore":8,"minecraft:dark_oak_log":1,"minecraft:glow_lichen":1,"minecraft:nether_bricks":2,"iter_rpg:big_vase":5,"minecraft:redstone_ore":4,"minecraft:furnace":1,"iter_rpg:small_vase":6,"minecraft:andesite":51,"minecraft:bookshelf":17,"minecraft:deepslate_iron_ore":8,"minecraft:vine":3,"minecraft:stone":476,"minecraft:bone_block":2,"minecraft:oak_slab":2,"minecraft:redstone_block":4,"galosphere:deepslate_silver_ore":2,"minecraft:crafting_table":15,"minecraft:emerald_ore":3,"iter_rpg:vase":4,"minecraft:copper_ore":21,"minecraft:diorite":135,"atmospheric:orange":20,"supplementaries:urn":68,"minecraft:birch_planks":1,"forbidden_arcanus:xpetrified_ore":2,"iter_rpg:abyss_quartz":1,"minecraft:birch_leaves":6,"minecraft:coal_ore":75,"iter_rpg:spider_egg":2,"minecraft:gravel":8,"minecraft:dripstone_block":3,"minecraft:cobweb":8,"minecraft:cracked_stone_bricks":1,"minecraft:stone_bricks":1,"minecraft:mossy_stone_bricks":3,"minecraft:gold_ore":8,"minecraft:fern":1}},"DataVersion":3120}