{"stats":{"minecraft:killed":{"minecraft:cave_spider":40,"minecraft:witch":3,"minecraft:spider":35,"enemyexpansion:equestrian":3,"aquamirae:tortured_soul":1,"quark:forgotten":3,"minecraft:skeleton":109,"alexsmobs:orca":1,"minecraft:bee":2,"minecraft:chicken":1,"minecraft:silverfish":3,"alexsmobs:centipede_head":2,"irons_spellbooks:summoned_skeleton":4,"minecraft:skeleton_horse":1,"enemyexpansion:vampflyer":1,"twilightforest:minotaur":1,"minecraft:pig":4,"enemyexpansion:ladybug":1,"quark:stoneling":1,"enemyexpansion:tarantula":3,"majruszsdifficulty:tank":1,"iter_rpg:spiderling":5,"mutantmonsters:mutant_skeleton":1,"irons_spellbooks:necromancer":4,"minecraft:creeper":14,"minecraft:sheep":6,"undead_unleashed:frenzied_knight":2,"minecraft:trader_llama":4,"minecraft:pillager":1,"enemyexpansion:meature":10,"minecraft:zombie":268,"alexsmobs:cachalot_whale":2,"undead_unleashed:shadewraith":8,"enemyexpansion:vampire":8,"enemyexpansion:botfly":89,"minecraft:stray":13,"alexsmobs:fly":1,"undead_unleashed:haunter":28,"enemyexpansion:wasp":1,"irons_spellbooks:summoned_zombie":8,"quark:toretoise":5,"alexsmobs:tasmanian_devil":1,"enemyexpansion:direwolf":14,"enemyexpansion:goblin_fear":1,"minecraft:phantom":8,"minecraft:drowned":3,"goblintraders:goblin_trader":2,"enemyexpansion:goblin":13,"iter_rpg:water_elemental":1,"minecraft:husk":5,"minecraft:bat":2,"enemyexpansion:sprinter":6,"majruszsdifficulty:cursed_armor":54,"minecraft:wandering_trader":1,"whisperwoods:zotzpyre":2,"enemyexpansion:crawler":4,"alexsmobs:cockroach":3,"ars_nouveau:wilden_stalker":1,"enemyexpansion:huntsman":8,"minecraft:wither_skeleton":18,"enemyexpansion:flutterfly":2,"minecraft:enderman":23,"enemyexpansion:slugger":4},"minecraft:picked_up":{"irons_spellbooks:scroll":1,"minecraft:iron_chestplate":6,"minecraft:light_blue_concrete":1,"minecraft:redstone_block":4,"minecraft:chainmail_boots":5,"minecraft:creeper_head":2,"minecraft:prismarine_shard":7,"undead_unleashed:cursed_cloth":5,"byg:pink_allium":2,"minecraft:lead":1,"aether:iron_gloves":1,"minecraft:enchanted_book":4,"enigmaticlegacy:enigmatic_eye":2,"forbidden_arcanus:xpetrified_orb":2,"minecraft:netherite_ingot":3,"minecraft:string":56,"apotheosis:epic_material":12,"minecraft:raw_copper":94,"minecraft:red_candle":1,"minecraft:zombie_head":1,"minecraft:experience_bottle":8,"irons_spellbooks:arcane_essence":23,"forbidden_arcanus:obsidian_ingot":2,"minecraft:deepslate_tiles":2,"minecraft:diamond_leggings":1,"minecraft:gold_nugget":14,"minecraft:cobbled_deepslate":261,"bosses_of_mass_destruction:soul_star":4,"twigs:pebble":2,"undead_unleashed:grave_metal_sword":1,"minecraft:cobblestone_slab":2,"minecraft:calcite":2,"minecraft:iron_pickaxe":2,"minecraft:iron_boots":1,"minecraft:furnace":3,"byg:yellow_daffodil":1,"minecraft:tipped_arrow":2,"apotheosis:rare_material":25,"minecraft:stick":9,"apotheosis:gem":70,"forbidden_arcanus:tentacle":1,"minecraft:torch":56,"minecraft:spruce_stairs":1,"minecraft:porkchop":6,"minecraft:diorite":104,"alexsmobs:centipede_leg":1,"mutantmonsters:hulk_hammer":1,"minecraft:orange_bed":2,"minecraft:stone_sword":3,"minecraft:rotten_flesh":190,"relics:horse_flute":2,"ars_nouveau:worn_notebook":2,"supplementaries:antique_ink":4,"simplyswords:emberblade":7,"supplementaries:ash":20,"minecraft:obsidian":38,"minecraft:cobblestone":687,"minecraft:birch_log":100,"minecraft:polished_diorite_slab":1,"minecraft:leather_chestplate":4,"minecraft:feather":4,"minecraft:cooked_beef":1,"minecraft:andesite":66,"minecraft:potato":2,"atmospheric:laurel_log":10,"minecraft:tuff":1,"byg:orchard_sapling":1,"supplementaries:flax_seeds":4,"minecraft:wither_skeleton_skull":4,"minecraft:lapis_lazuli":44,"minecraft:dirt":121,"minecraft:lantern":5,"minecraft:name_tag":1,"minecraft:leather_boots":4,"minecraft:bone":210,"majruszsaccessories:miner_guide":3,"minecraft:wheat_seeds":4,"minecraft:bow":1,"minecraft:raw_gold":56,"ftbquests:book":2,"cisco_mod:amuletof_vitality":1,"apotheosis:mythic_material":3,"forbidden_arcanus:rune":1,"iter_rpg:water_fragment":2,"galosphere:raw_silver":21,"twigs:twig":38,"irons_spellbooks:frozen_bone":8,"patchouli:guide_book":3,"iter_rpg:spider_silk":1,"sophisticatedbackpacks:iron_backpack":1,"minecraft:ink_sac":8,"minecraft:grass_block":1,"minecraft:mossy_cobblestone":2,"iter_rpg:abyssquartz_block":1,"minecraft:dark_oak_log":1,"quark:red_corundum":1,"alexsmobs:animal_dictionary":2,"forbidden_arcanus:ender_pearl_fragment":85,"minecraft:polished_andesite":1,"minecraft:diamond":107,"waystones:waystone":1,"iter_rpg:abyssquartz_shard":2,"sons_of_sins:wistiver_spawn_egg":1,"relics:researching_table":2,"minecraft:granite":40,"minecraft:golden_apple":2,"minecraft:spruce_sign":3,"minecraft:bread":27,"minecraft:emerald":38,"minecraft:diamond_pickaxe":2,"cisco_mod:brightsteel_ingot":3,"twigs:rhyolite":9,"irons_spellbooks:uncommon_ink":1,"minecraft:mud":3,"iter_rpg:spawner_fragment":4,"minecraft:crafting_table":24,"byg:soapstone":85,"minecraft:chicken":1,"irons_spellbooks:tarnished_helmet":1,"minecraft:redstone_lamp":8,"minecraft:turtle_helmet":1,"minecraft:leather_leggings":2,"cisco_mod:divine_core":1,"minecraft:gold_block":1,"enigmaticlegacy:tattered_tome":2,"minecraft:shield":6,"skilltree:wisdom_scroll":8,"relics:leather_belt":2,"minecraft:red_bed":1,"minecraft:iron_axe":5,"atmospheric:laurel_sapling":2,"minecraft:netherite_scrap":12,"undead_unleashed:grave_metal_ingot":1,"minecraft:cracked_stone_bricks":2,"minecraft:candle":25,"iter_rpg:coin":2,"minecraft:iron_nugget":39,"minecraft:sugar_cane":5,"minecraft:birch_sapling":20,"minecraft:egg":1,"minecraft:raw_iron":284,"minecraft:copper_ingot":2,"sophisticatedbackpacks:backpack":1,"minecolonies:blockhutfield":1,"minecraft:carrot":3,"majruszsaccessories:adventurer_kit":2,"minecraft:redstone":74,"byg:biomepedia":2,"minecraft:diamond_chestplate":2,"minecraft:arrow":124,"majruszsaccessories:lucky_rock":3,"minecraft:nether_bricks":13,"minecraft:diamond_boots":1,"minecraft:hay_block":4,"majruszsdifficulty:soul_jar":1,"minecraft:gold_ingot":88,"quark:monster_box":1,"minecraft:mutton":9,"minecraft:white_wool":11,"forbidden_arcanus:spawner_scrap":21,"minecraft:bone_block":62,"minecraft:glow_ink_sac":7,"minecraft:leather":4,"majruszsdifficulty:tattered_helmet":2,"minecraft:birch_planks":48,"ars_nouveau:wilden_wing":2,"minecraft:crimson_fungus":32,"minecraft:oak_log":3,"minecraft:gunpowder":7,"mutantmonsters:mutant_skeleton_limb":1,"relics:midnight_robe":3,"atmospheric:orange":33,"quark:forgotten_hat":3,"minecraft:apple":10,"iter_rpg:potsherd":4,"minecraft:iron_ingot":40,"relics:infinity_ham":4,"minecraft:polished_andesite_slab":4,"apotheosis:gem_dust":9,"iter_rpg:deepslate_geode":2,"minecraft:iron_sword":1,"minecraft:book":169,"minecraft:oak_slab":2,"enemyexpansion:phantom_eye":1,"quark:red_corundum_cluster":4,"minecraft:chiseled_stone_bricks":1,"minecraft:raw_iron_block":1,"minecraft:dripstone_block":3,"enigmaticlegacy:enigmatic_amulet":4,"minecraft:amethyst_shard":34,"undead_unleashed:grave_metal_scrap":33,"minecraft:blast_furnace":1,"minecraft:spider_eye":9,"minecraft:leather_helmet":6,"minecraft:infested_stone_bricks":122,"minecraft:chainmail_leggings":1,"immersive_armors:wooden_chestplate":1,"minecraft:iron_helmet":1,"minecraft:baked_potato":4,"minecraft:damaged_anvil":2,"minecraft:coal":608,"minecraft:ender_pearl":31,"quark:diamond_heart":1},"minecraft:mined":{"minecraft:light_blue_concrete":1,"minecraft:cave_vines_plant":2,"minecraft:granite":50,"minecraft:grass_block":15,"twigs:twig":1,"minecraft:chiseled_stone_bricks":1,"minecraft:spawner":58,"minecraft:raw_iron_block":1,"byg:red_oak_leaves":5,"minecraft:mossy_cobblestone_stairs":1,"minecraft:iron_ore":67,"minecraft:cobbled_deepslate":1,"minecraft:fire":25,"minecraft:deepslate_lapis_ore":4,"minecraft:nether_brick_stairs":2,"minecraft:pointed_dripstone":1,"minecraft:iron_bars":8,"minecraft:spruce_slab":1,"minecraft:orange_bed":1,"minecraft:deepslate_redstone_ore":4,"minecraft:red_bed":1,"delightful:pumpkin_pie":5,"minecraft:blast_furnace":1,"minecraft:polished_andesite_stairs":2,"minecraft:calcite":2,"galosphere:silver_ore":19,"minecraft:polished_diorite_slab":1,"minecraft:cobblestone":97,"minecraft:damaged_anvil":2,"minecraft:sugar_cane":2,"supplementaries:skull_candle":2,"minecraft:chain":2,"minecraft:red_candle":1,"byg:soapstone":100,"byg:orchard_leaves":14,"minecraft:mud":3,"minecraft:nether_wart_block":1,"minecraft:birch_log":55,"iter_rpg:abyssquartz_block":1,"atmospheric:laurel_log":10,"minecraft:smooth_stone_slab":3,"minecraft:grass":16,"minecraft:oak_log":3,"minecraft:dirt":61,"byg:blueberry_bush":1,"minecolonies:blockhutfield":1,"structure_gel:dynamic_spawner":3,"minecraft:smooth_basalt":1,"twigs:rhyolite":9,"byg:flowering_orchard_leaves":1,"byg:witch_hazel_bookshelf":3,"minecraft:oak_leaves":3,"minecraft:deepslate":324,"minecraft:dark_prismarine":1,"minecraft:redstone_lamp":8,"minecraft:deepslate_tiles":2,"atmospheric:laurel_leaves":5,"quark:red_corundum":2,"minecraft:diamond_ore":2,"minecraft:tuff":4,"byg:clover_patch":1,"minecraft:mossy_cobblestone":4,"minecraft:deepslate_diamond_ore":12,"minecraft:candle":18,"minecraft:dark_oak_log":1,"minecraft:glow_lichen":1,"minecraft:nether_bricks":14,"minecraft:redstone_wire":2,"minecraft:polished_andesite_slab":4,"iter_rpg:big_vase":6,"minecraft:redstone_ore":4,"minecraft:furnace":2,"iter_rpg:small_vase":6,"minecraft:andesite":52,"minecraft:bookshelf":19,"minecraft:cobblestone_slab":2,"minecraft:deepslate_iron_ore":8,"minecraft:vine":13,"minecraft:lantern":5,"minecraft:stone":584,"minecraft:bone_block":2,"minecraft:white_wool":3,"minecraft:oak_slab":2,"twigs:pebble":2,"minecraft:redstone_block":4,"minecraft:hanging_roots":1,"galosphere:deepslate_silver_ore":2,"relics:researching_table":2,"minecraft:crafting_table":22,"minecraft:emerald_ore":3,"iter_rpg:vase":5,"minecraft:copper_ore":30,"minecraft:diorite":146,"atmospheric:orange":20,"supplementaries:urn":74,"minecraft:spruce_stairs":1,"minecraft:birch_planks":2,"forbidden_arcanus:xpetrified_ore":2,"iter_rpg:abyss_quartz":1,"minecraft:birch_leaves":6,"minecraft:coal_ore":75,"iter_rpg:spider_egg":2,"byg:ripe_orchard_leaves":3,"minecraft:gravel":8,"minecraft:dripstone_block":6,"minecraft:cobweb":32,"minecraft:cracked_stone_bricks":3,"minecraft:polished_andesite":11,"minecraft:stone_bricks":1,"minecraft:mossy_stone_bricks":6,"minecraft:gold_ore":8,"forbidden_arcanus:runic_deepslate":1,"minecraft:fern":2},"minecraft:killed_by":{"enemyexpansion:slugger":1,"minecraft:zombie":1,"majruszsdifficulty:cursed_armor":2,"aquamirae:tortured_soul":1,"enemyexpansion:trollenraged":1,"minecraft:enderman":1,"sons_of_sins:wistiver":2,"minecraft:skeleton":4,"enemyexpansion:ladybug":1},"minecraft:custom":{"enigmaticlegacy:play_time_with_seven_curses":0,"lootr:looted_stat":128,"minecraft:interact_with_crafting_table":113,"goblintraders:trade_with_goblin":46,"minecraft:leave_game":4,"minecraft:time_since_death":27010,"minecraft:damage_resisted":205,"minecraft:sprint_one_cm":1614714,"minecraft:damage_blocked_by_shield":1139,"minecraft:drop":439,"minecraft:talked_to_villager":12,"minecraft:play_time":951533,"minecraft:deaths":15,"minecraft:jump":8971,"minecraft:walk_on_water_one_cm":182698,"minecraft:enchant_item":7,"minecraft:interact_with_furnace":21,"minecraft:sleep_in_bed":4,"minecraft:waystone_activated":4,"minecraft:damage_dealt":260188,"minecraft:crouch_one_cm":27115,"minecraft:interact_with_smoker":1,"minecraft:interact_with_smithing_table":1,"minecraft:interact_with_anvil":4,"minecraft:mob_kills":883,"minecraft:damage_dealt_resisted":6599,"minecraft:climb_one_cm":30677,"minecraft:walk_one_cm":2127503,"minecraft:damage_dealt_absorbed":394,"minecraft:sneak_time":13877,"minecraft:walk_under_water_one_cm":57633,"minecraft:interact_with_blast_furnace":1,"minecraft:total_world_time":951533,"enigmaticlegacy:play_time_without_seven_curses":950169,"minecraft:time_since_rest":2829,"minecraft:damage_absorbed":37,"minecraft:damage_taken":15854,"minecraft:swim_one_cm":50052,"minecraft:fly_one_cm":2200518,"minecraft:open_chest":36,"minecraft:fall_one_cm":211068},"minecraft:dropped":{"apotheosis:gem_dust":2,"sophisticatedbackpacks:iron_backpack":1,"byg:biomepedia":2,"minecraft:spruce_sign":1,"minecraft:iron_sword":2,"minecraft:porkchop":4,"minecraft:birch_planks":36,"minecraft:lapis_lazuli":22,"minecraft:oak_log":3,"minecraft:baked_potato":4,"minecolonies:blockhutfield":1,"minecraft:glass_bottle":2,"minecraft:diamond":66,"minecraft:crafting_table":2,"minecraft:glow_berries":2,"relics:infinity_ham":1,"minecraft:lantern":5,"majruszsdifficulty:tattered_helmet":2,"minecraft:leather":6,"minecraft:cracked_stone_bricks":1,"undead_unleashed:grave_metal_scrap":31,"minecraft:leather_helmet":5,"minecraft:emerald":10,"twigs:pebble":2,"enigmaticlegacy:enigmatic_eye":1,"minecraft:redstone_lamp":3,"minecraft:dirt":60,"forbidden_arcanus:rune":1,"minecraft:red_bed":1,"undead_unleashed:cursed_cloth":5,"minecraft:netherite_scrap":2,"minecraft:mutton":9,"iter_rpg:deepslate_geode":2,"minecraft:gold_nugget":14,"minecraft:amethyst_shard":23,"minecraft:iron_pickaxe":3,"ftbquests:book":3,"minecraft:birch_log":25,"simplyswords:iron_sai":4,"twigs:twig":29,"minecraft:gold_ingot":43,"minecraft:bone":216,"enigmaticlegacy:eye_of_nebula":1,"minecraft:crimson_fungus":32,"minecraft:stone_axe":1,"mutantmonsters:hulk_hammer":1,"minecraft:iron_nugget":4,"alexsmobs:animal_dictionary":2,"minecraft:cobbled_deepslate":34,"simplyswords:iron_twinblade":1,"minecraft:birch_sapling":20,"minecraft:obsidian":38,"minecraft:rotten_flesh":75,"enigmaticlegacy:tattered_tome":2,"iter_rpg:spawner_fragment":2,"undead_unleashed:grave_metal_ingot":1,"forbidden_arcanus:obsidian_ingot":2,"byg:yellow_daffodil":1,"minecraft:infested_stone_bricks":122,"minecraft:carrot":1,"patchouli:guide_book":4,"supplementaries:antique_ink":4,"iter_rpg:abyssquartz_shard":2,"minecraft:chiseled_stone_bricks":1,"bosses_of_mass_destruction:soul_star":2,"cisco_mod:brightsteel_ingot":1,"minecraft:leather_chestplate":4,"supplementaries:flax_seeds":4,"minecraft:tipped_arrow":2,"minecraft:deepslate_tiles":2,"minecraft:gunpowder":1,"apotheosis:gem":47,"minecraft:leather_boots":4,"minecraft:chainmail_boots":5,"minecraft:leather_leggings":2,"iter_rpg:spider_silk":1,"domum_ornamentum:beige_bricks":2,"minecraft:arrow":77,"majruszsaccessories:lucky_rock":3,"enigmaticlegacy:enigmatic_amulet":4,"minecraft:egg":1,"iter_rpg:abyssquartz_block":1,"minecraft:enchanted_book":2,"minecraft:iron_ingot":24,"minecraft:bread":7,"minecraft:wheat_seeds":4,"minecraft:oak_slab":2,"iter_rpg:water_fragment":2,"majruszsaccessories:adventurer_kit":2,"minecraft:feather":2,"minecraft:diamond_leggings":1,"minecraft:prismarine_shard":7,"forbidden_arcanus:tentacle":1,"minecraft:iron_helmet":2,"minecraft:cobblestone":277,"minecraft:lead":1,"minecraft:book":103,"majruszsdifficulty:soul_jar":1,"forbidden_arcanus:xpetrified_orb":1,"minecraft:granite":22,"minecraft:copper_ingot":1,"cisco_mod:adventurer_chestplate":1,"enigmaticlegacy:corrupted_tome":3,"minecraft:spruce_stairs":1,"minecraft:chainmail_helmet":1,"minecraft:grass_block":1,"apotheosis:epic_material":7,"minecraft:coal":552,"minecraft:golden_apple":1,"minecraft:stick":7,"ars_nouveau:worn_notebook":2,"origins:orb_of_origin":1,"galosphere:raw_silver":21,"cisco_mod:amuletof_vitality":1,"minecraft:diorite":40,"minecraft:ink_sac":10,"minecraft:torch":57,"byg:soapstone":72,"minecraft:zombie_head":1,"forbidden_arcanus:spawner_scrap":21,"minecraft:iron_axe":2,"minecraft:mud":3,"minecraft:orange_bed":1,"minecraft:string":25,"irons_spellbooks:frozen_bone":8,"ars_nouveau:wilden_wing":2,"iter_rpg:potsherd":1,"minecraft:redstone":36,"byg:pink_allium":2,"mcsa:tim_leggings":1,"twigs:rhyolite":9,"minecraft:creeper_head":2,"minecraft:polished_diorite_slab":1,"minecraft:stone_sword":3,"minecraft:raw_copper":68,"forbidden_arcanus:ender_pearl_fragment":13,"minecraft:tuff":1,"minecraft:raw_iron":112,"minecraft:experience_bottle":6,"majruszsaccessories:miner_guide":2,"minecraft:iron_boots":1,"minecraft:damaged_anvil":1,"undead_unleashed:grave_metal_sword":1,"enigmaticlegacy:iron_ring":1,"minecraft:nether_bricks":2,"enemyexpansion:phantom_eye":1,"minecraft:cobblestone_slab":2,"minecraft:potato":2,"minecraft:hay_block":2,"minecraft:shield":5,"aether:iron_gloves":1,"minecraft:diamond_chestplate":2,"aether:diamond_gloves":1,"minecraft:iron_chestplate":8,"minecraft:andesite":60,"simplyswords:emberblade":4,"minecraft:spider_eye":7,"minecraft:diamond_boots":1,"minecraft:bow":1,"minecraft:wooden_pickaxe":1,"minecraft:raw_gold":16,"quark:diamond_heart":1},"minecraft:broken":{"minecraft:stone_pickaxe":2,"minecraft:diamond_boots":1,"quark:forgotten_hat":2,"minecraft:diamond_chestplate":1,"minecraft:iron_pickaxe":3},"minecraft:crafted":{"minecraft:stone":1,"minecraft:birch_planks":116,"minecraft:stick":18,"minecraft:iron_ingot":84,"minecraft:gold_ingot":48,"irons_spellbooks:magic_cloth":6,"minecraft:redstone":36,"minecraft:raw_iron":9,"minecraft:ender_pearl":9,"minecraft:dark_oak_planks":4,"minecraft:air":0},"minecraft:used":{"minecraft:bone_block":3,"minecraft:shield":23,"minecraft:rotten_flesh":14,"simplyswords:diamond_twinblade":47,"minecraft:nether_bricks":71,"minecraft:carrot":1,"minecraft:obsidian":1,"minecraft:redstone_lamp":5,"minecraft:hay_block":2,"woodworks:birch_chest":4,"minecraft:furnace":2,"minecraft:gray_banner":1,"minecraft:diorite":1,"minecraft:damaged_anvil":1,"woodworks:birch_bookshelf":10,"relics:researching_table":2,"minecraft:wither_skeleton_skull":6,"minecraft:stone_pickaxe":262,"minecraft:wooden_pickaxe":6,"simplyswords:emberblade":2655,"minecraft:golden_apple":1,"minecraft:glow_berries":2,"minecraft:light_blue_concrete":1,"minecraft:dripstone_block":3,"quark:monster_box":1,"sons_of_sins:wistiver_spawn_egg":1,"minecraft:bread":74,"forbidden_arcanus:splash_aureal_bottle":2,"minecraft:birch_log":2,"minecraft:andesite":6,"minecraft:enchanting_table":1,"minecraft:experience_bottle":1,"minecraft:redstone":2,"minecraft:orange_bed":1,"gateways:gate_pearl":3,"minecraft:dirt":66,"minecraft:anvil":1,"minecraft:wooden_axe":11,"minecraft:bookshelf":5,"minecraft:iron_axe":44,"minecraft:cooked_beef":1,"minecraft:cobbled_deepslate":1,"minecraft:calcite":2,"farmersdelight:iron_knife":5,"minecraft:birch_planks":80,"minecraft:cracked_stone_bricks":1,"minecraft:mossy_cobblestone":1,"minecraft:red_bed":1,"minecraft:crafting_table":22,"supplementaries:bomb":1,"simplyswords:iron_twinblade":126,"minecraft:diamond_pickaxe":461,"minecraft:apple":17,"majruszsdifficulty:undead_army_treasure_bag":1,"minecraft:iron_pickaxe":1066,"forbidden_arcanus:aureal_bottle":2,"minecraft:stone_axe":54,"minecraft:cobblestone":209,"minecraft:potion":1,"minecraft:candle":35}},"DataVersion":3120}