{"stats":{"minecraft:dropped":{"minecraft:spruce_sign":1,"byg:biomepedia":2,"minecraft:iron_ingot":24,"minecraft:iron_sword":2,"minecraft:oak_slab":2,"minecraft:birch_planks":16,"minecraft:oak_log":3,"minecolonies:blockhutfield":1,"forbidden_arcanus:tentacle":1,"minecraft:iron_helmet":1,"minecraft:cobblestone":67,"minecraft:leather":2,"minecraft:granite":22,"undead_unleashed:grave_metal_scrap":2,"minecraft:chainmail_helmet":1,"apotheosis:epic_material":2,"minecraft:coal":40,"minecraft:stick":6,"minecraft:emerald":6,"minecraft:dirt":20,"minecraft:redstone_lamp":3,"ars_nouveau:worn_notebook":2,"minecraft:diorite":40,"minecraft:ink_sac":10,"minecraft:torch":2,"byg:soapstone":64,"minecraft:gold_nugget":1,"minecraft:iron_pickaxe":2,"minecraft:string":3,"twigs:twig":1,"iter_rpg:potsherd":1,"minecraft:bone":6,"minecraft:redstone":36,"alexsmobs:animal_dictionary":2,"minecraft:birch_sapling":20,"minecraft:experience_bottle":4,"minecraft:rotten_flesh":2,"undead_unleashed:grave_metal_sword":1,"minecraft:carrot":1,"byg:yellow_daffodil":1,"patchouli:guide_book":4,"minecraft:hay_block":2,"minecraft:gunpowder":1,"aether:iron_gloves":1,"minecraft:andesite":49,"minecraft:iron_chestplate":3,"apotheosis:gem":5,"minecraft:spider_eye":2,"domum_ornamentum:beige_bricks":2,"minecraft:arrow":29,"minecraft:wooden_pickaxe":1,"enigmaticlegacy:enigmatic_amulet":4,"majruszsaccessories:lucky_rock":2},"minecraft:custom":{"minecraft:interact_with_smithing_table":1,"enigmaticlegacy:play_time_with_seven_curses":0,"lootr:looted_stat":23,"minecraft:mob_kills":67,"minecraft:interact_with_crafting_table":39,"minecraft:damage_dealt_resisted":131,"minecraft:leave_game":3,"minecraft:time_since_death":9447,"minecraft:climb_one_cm":1494,"minecraft:damage_resisted":0,"minecraft:sprint_one_cm":315199,"minecraft:walk_one_cm":404756,"minecraft:drop":107,"minecraft:damage_dealt_absorbed":80,"minecraft:talked_to_villager":1,"minecraft:play_time":250459,"minecraft:deaths":4,"minecraft:sneak_time":4229,"minecraft:walk_under_water_one_cm":12103,"minecraft:jump":2394,"minecraft:interact_with_blast_furnace":1,"minecraft:walk_on_water_one_cm":21819,"minecraft:total_world_time":250459,"minecraft:interact_with_furnace":9,"enigmaticlegacy:play_time_without_seven_curses":249877,"minecraft:time_since_rest":9512,"minecraft:damage_taken":2239,"minecraft:damage_dealt":10851,"minecraft:swim_one_cm":6943,"minecraft:fly_one_cm":370705,"minecraft:crouch_one_cm":12014,"minecraft:interact_with_smoker":1,"minecraft:fall_one_cm":54870},"minecraft:broken":{"minecraft:stone_pickaxe":1,"minecraft:iron_pickaxe":3},"minecraft:killed":{"enemyexpansion:equestrian":1,"minecraft:spider":8,"alexsmobs:tasmanian_devil":1,"enemyexpansion:direwolf":2,"quark:forgotten":2,"minecraft:skeleton":16,"alexsmobs:centipede_head":1,"enemyexpansion:goblin":4,"enemyexpansion:vampflyer":1,"enemyexpansion:tarantula":1,"minecraft:wandering_trader":1,"minecraft:creeper":3,"enemyexpansion:crawler":1,"whisperwoods:zotzpyre":2,"undead_unleashed:frenzied_knight":1,"minecraft:trader_llama":3,"undead_unleashed:shadewraith":2,"minecraft:zombie":7,"enemyexpansion:vampire":3,"enemyexpansion:huntsman":2,"enemyexpansion:flutterfly":1,"enemyexpansion:slugger":1},"minecraft:killed_by":{"minecraft:skeleton":2,"enemyexpansion:ladybug":1,"majruszsdifficulty:cursed_armor":1},"minecraft:picked_up":{"minecraft:crafting_table":11,"minecraft:iron_chestplate":2,"byg:soapstone":64,"minecraft:light_blue_concrete":1,"minecraft:redstone_block":4,"undead_unleashed:cursed_cloth":1,"minecraft:redstone_lamp":8,"forbidden_arcanus:xpetrified_orb":1,"minecraft:red_bed":1,"minecraft:string":4,"apotheosis:epic_material":2,"atmospheric:laurel_sapling":2,"minecraft:raw_copper":50,"minecraft:experience_bottle":4,"minecraft:gold_nugget":1,"undead_unleashed:grave_metal_sword":1,"minecraft:iron_nugget":31,"minecraft:sugar_cane":5,"minecraft:birch_sapling":20,"minecraft:iron_boots":1,"byg:yellow_daffodil":1,"minecraft:stick":9,"minecraft:raw_iron":66,"apotheosis:gem":16,"forbidden_arcanus:tentacle":1,"minecraft:torch":21,"minecolonies:blockhutfield":1,"minecraft:diorite":41,"minecraft:carrot":2,"minecraft:redstone":53,"minecraft:orange_bed":1,"byg:biomepedia":2,"minecraft:arrow":29,"minecraft:rotten_flesh":7,"majruszsaccessories:lucky_rock":2,"ars_nouveau:worn_notebook":2,"minecraft:hay_block":4,"minecraft:cobblestone":396,"minecraft:birch_log":53,"minecraft:andesite":49,"minecraft:leather":2,"atmospheric:laurel_log":10,"minecraft:oak_log":3,"minecraft:gunpowder":1,"minecraft:dirt":26,"atmospheric:orange":33,"quark:forgotten_hat":2,"minecraft:bone":39,"minecraft:raw_gold":8,"iter_rpg:potsherd":1,"minecraft:iron_ingot":39,"galosphere:raw_silver":19,"twigs:twig":24,"minecraft:iron_sword":1,"minecraft:book":39,"minecraft:oak_slab":2,"quark:red_corundum_cluster":4,"patchouli:guide_book":3,"enigmaticlegacy:enigmatic_amulet":3,"minecraft:amethyst_shard":1,"undead_unleashed:grave_metal_scrap":2,"minecraft:ink_sac":8,"minecraft:blast_furnace":1,"quark:red_corundum":1,"minecraft:dark_oak_log":1,"minecraft:spider_eye":2,"alexsmobs:animal_dictionary":2,"minecraft:leather_helmet":1,"iter_rpg:abyssquartz_shard":2,"minecraft:granite":22,"minecraft:spruce_sign":1,"minecraft:emerald":6,"twigs:rhyolite":9,"minecraft:coal":96},"minecraft:used":{"minecraft:rotten_flesh":1,"minecraft:dirt":2,"minecraft:carrot":1,"minecraft:wooden_axe":11,"minecraft:iron_axe":21,"minecraft:redstone_lamp":5,"minecraft:hay_block":2,"minecraft:diorite":1,"minecraft:stone_pickaxe":155,"minecraft:wooden_pickaxe":6,"simplyswords:emberblade":93,"minecraft:light_blue_concrete":1,"minecraft:crafting_table":11,"minecraft:apple":10,"minecraft:bread":23,"minecraft:iron_pickaxe":750,"minecraft:stone_axe":50,"minecraft:cobblestone":41},"minecraft:crafted":{"minecraft:redstone":36,"minecraft:dark_oak_planks":4,"minecraft:birch_planks":44,"minecraft:air":0,"minecraft:stick":18,"minecraft:iron_ingot":7},"minecraft:mined":{"atmospheric:laurel_leaves":5,"byg:clover_patch":1,"minecraft:light_blue_concrete":1,"minecraft:dark_oak_log":1,"minecraft:granite":30,"minecraft:grass_block":5,"twigs:twig":1,"iter_rpg:big_vase":1,"minecraft:redstone_ore":4,"iter_rpg:small_vase":3,"minecraft:iron_ore":67,"minecraft:fire":2,"minecraft:andesite":34,"minecraft:pointed_dripstone":1,"minecraft:bookshelf":13,"minecraft:stone":475,"minecraft:spruce_slab":1,"minecraft:orange_bed":1,"minecraft:oak_slab":2,"minecraft:redstone_block":4,"minecraft:red_bed":1,"minecraft:crafting_table":12,"minecraft:blast_furnace":1,"minecraft:emerald_ore":3,"iter_rpg:vase":1,"galosphere:silver_ore":19,"minecraft:copper_ore":21,"minecraft:sugar_cane":2,"minecraft:diorite":72,"atmospheric:orange":20,"supplementaries:urn":21,"byg:soapstone":80,"forbidden_arcanus:xpetrified_ore":1,"minecraft:birch_log":53,"iter_rpg:abyss_quartz":1,"atmospheric:laurel_log":10,"minecraft:birch_leaves":6,"minecraft:oak_log":3,"minecraft:coal_ore":75,"minecraft:gravel":8,"minecraft:dirt":15,"minecolonies:blockhutfield":1,"twigs:rhyolite":9,"minecraft:gold_ore":8,"minecraft:fern":1,"minecraft:redstone_lamp":8,"quark:red_corundum":2}},"DataVersion":3120}