{"stats":{"minecraft:dropped":{"minecraft:spruce_sign":1,"byg:biomepedia":2,"minecraft:iron_ingot":24,"minecraft:iron_sword":2,"minecraft:oak_slab":2,"minecraft:birch_planks":16,"minecraft:oak_log":3,"minecolonies:blockhutfield":1,"forbidden_arcanus:tentacle":1,"minecraft:iron_helmet":1,"minecraft:cobblestone":67,"minecraft:leather":2,"minecraft:granite":22,"undead_unleashed:grave_metal_scrap":2,"minecraft:chainmail_helmet":1,"apotheosis:epic_material":2,"minecraft:coal":40,"minecraft:stick":6,"minecraft:emerald":6,"minecraft:dirt":20,"minecraft:redstone_lamp":3,"ars_nouveau:worn_notebook":2,"minecraft:diorite":40,"minecraft:ink_sac":10,"minecraft:torch":2,"byg:soapstone":64,"minecraft:iron_pickaxe":2,"minecraft:string":3,"twigs:twig":1,"minecraft:bone":6,"minecraft:redstone":36,"alexsmobs:animal_dictionary":2,"minecraft:birch_sapling":2,"minecraft:experience_bottle":4,"minecraft:rotten_flesh":2,"undead_unleashed:grave_metal_sword":1,"minecraft:carrot":1,"byg:yellow_daffodil":1,"patchouli:guide_book":4,"minecraft:hay_block":2,"aether:iron_gloves":1,"minecraft:andesite":49,"minecraft:iron_chestplate":3,"apotheosis:gem":5,"minecraft:spider_eye":2,"domum_ornamentum:beige_bricks":2,"enigmaticlegacy:enigmatic_amulet":4,"majruszsaccessories:lucky_rock":2},"minecraft:custom":{"minecraft:interact_with_smithing_table":1,"enigmaticlegacy:play_time_with_seven_curses":0,"lootr:looted_stat":22,"minecraft:mob_kills":31,"minecraft:interact_with_crafting_table":34,"minecraft:damage_dealt_resisted":0,"minecraft:leave_game":3,"minecraft:time_since_death":65175,"minecraft:climb_one_cm":1494,"minecraft:sprint_one_cm":265722,"minecraft:walk_one_cm":325323,"minecraft:drop":99,"minecraft:talked_to_villager":1,"minecraft:play_time":226459,"minecraft:deaths":3,"minecraft:sneak_time":3523,"minecraft:walk_under_water_one_cm":11678,"minecraft:jump":2103,"minecraft:interact_with_blast_furnace":1,"minecraft:walk_on_water_one_cm":11647,"minecraft:total_world_time":226459,"minecraft:interact_with_furnace":9,"enigmaticlegacy:play_time_without_seven_curses":225942,"minecraft:time_since_rest":65200,"minecraft:damage_taken":1231,"minecraft:damage_dealt":8023,"minecraft:swim_one_cm":6943,"minecraft:fly_one_cm":335423,"minecraft:crouch_one_cm":9590,"minecraft:interact_with_smoker":1,"minecraft:fall_one_cm":49271},"minecraft:broken":{"minecraft:stone_pickaxe":1,"minecraft:iron_pickaxe":3},"minecraft:killed":{"enemyexpansion:equestrian":1,"minecraft:spider":4,"alexsmobs:tasmanian_devil":1,"enemyexpansion:direwolf":1,"quark:forgotten":1,"minecraft:skeleton":10,"enemyexpansion:goblin":2,"minecraft:wandering_trader":1,"undead_unleashed:frenzied_knight":1,"minecraft:trader_llama":3,"minecraft:zombie":1,"enemyexpansion:huntsman":1,"enemyexpansion:flutterfly":1},"minecraft:killed_by":{"minecraft:skeleton":2,"enemyexpansion:ladybug":1},"minecraft:picked_up":{"minecraft:crafting_table":8,"minecraft:iron_chestplate":2,"byg:soapstone":64,"minecraft:light_blue_concrete":1,"minecraft:redstone_block":4,"minecraft:redstone_lamp":8,"forbidden_arcanus:xpetrified_orb":1,"minecraft:red_bed":1,"minecraft:string":2,"apotheosis:epic_material":2,"atmospheric:laurel_sapling":2,"minecraft:raw_copper":50,"minecraft:experience_bottle":4,"undead_unleashed:grave_metal_sword":1,"minecraft:sugar_cane":5,"minecraft:birch_sapling":2,"byg:yellow_daffodil":1,"minecraft:stick":9,"minecraft:raw_iron":55,"apotheosis:gem":14,"forbidden_arcanus:tentacle":1,"minecraft:torch":11,"minecolonies:blockhutfield":1,"minecraft:diorite":41,"minecraft:carrot":2,"minecraft:redstone":53,"minecraft:orange_bed":1,"byg:biomepedia":2,"minecraft:arrow":10,"minecraft:rotten_flesh":2,"majruszsaccessories:lucky_rock":2,"ars_nouveau:worn_notebook":2,"minecraft:hay_block":4,"minecraft:cobblestone":377,"minecraft:birch_log":6,"minecraft:andesite":49,"minecraft:leather":2,"atmospheric:laurel_log":10,"minecraft:oak_log":3,"minecraft:dirt":22,"atmospheric:orange":33,"quark:forgotten_hat":1,"minecraft:bone":18,"minecraft:raw_gold":8,"minecraft:iron_ingot":38,"galosphere:raw_silver":19,"twigs:twig":4,"minecraft:iron_sword":1,"minecraft:book":39,"minecraft:oak_slab":2,"patchouli:guide_book":3,"enigmaticlegacy:enigmatic_amulet":3,"minecraft:amethyst_shard":1,"undead_unleashed:grave_metal_scrap":2,"minecraft:ink_sac":8,"minecraft:blast_furnace":1,"minecraft:dark_oak_log":1,"minecraft:spider_eye":2,"alexsmobs:animal_dictionary":2,"iter_rpg:abyssquartz_shard":2,"minecraft:granite":22,"minecraft:spruce_sign":1,"minecraft:emerald":6,"twigs:rhyolite":9,"minecraft:coal":95},"minecraft:used":{"minecraft:dirt":2,"minecraft:carrot":1,"minecraft:wooden_axe":11,"minecraft:iron_axe":19,"minecraft:redstone_lamp":5,"minecraft:hay_block":2,"minecraft:diorite":1,"minecraft:stone_pickaxe":131,"simplyswords:emberblade":69,"minecraft:light_blue_concrete":1,"minecraft:crafting_table":8,"minecraft:apple":10,"minecraft:bread":13,"minecraft:iron_pickaxe":750,"minecraft:cobblestone":23},"minecraft:crafted":{"minecraft:redstone":36,"minecraft:dark_oak_planks":4,"minecraft:birch_planks":24,"minecraft:air":0,"minecraft:stick":14,"minecraft:iron_ingot":7},"minecraft:mined":{"atmospheric:laurel_leaves":5,"byg:clover_patch":1,"minecraft:light_blue_concrete":1,"minecraft:dark_oak_log":1,"minecraft:granite":30,"minecraft:grass_block":2,"twigs:twig":1,"minecraft:redstone_ore":4,"iter_rpg:small_vase":1,"minecraft:iron_ore":56,"minecraft:andesite":34,"minecraft:bookshelf":13,"minecraft:stone":458,"minecraft:spruce_slab":1,"minecraft:orange_bed":1,"minecraft:oak_slab":2,"minecraft:redstone_block":4,"minecraft:red_bed":1,"minecraft:crafting_table":9,"minecraft:blast_furnace":1,"minecraft:emerald_ore":3,"galosphere:silver_ore":19,"minecraft:copper_ore":21,"minecraft:sugar_cane":2,"minecraft:diorite":72,"atmospheric:orange":20,"supplementaries:urn":9,"byg:soapstone":80,"forbidden_arcanus:xpetrified_ore":1,"minecraft:birch_log":6,"iter_rpg:abyss_quartz":1,"atmospheric:laurel_log":10,"minecraft:birch_leaves":6,"minecraft:oak_log":3,"minecraft:coal_ore":75,"minecraft:gravel":8,"minecraft:dirt":14,"minecolonies:blockhutfield":1,"twigs:rhyolite":9,"minecraft:gold_ore":8,"minecraft:fern":1,"minecraft:redstone_lamp":8}},"DataVersion":3120}