{"stats":{"minecraft:killed":{"minecraft:cave_spider":38,"minecraft:witch":3,"minecraft:spider":34,"enemyexpansion:equestrian":2,"aquamirae:tortured_soul":1,"quark:forgotten":3,"minecraft:skeleton":69,"alexsmobs:orca":1,"minecraft:bee":2,"minecraft:chicken":1,"minecraft:silverfish":3,"alexsmobs:centipede_head":2,"irons_spellbooks:summoned_skeleton":4,"minecraft:skeleton_horse":1,"enemyexpansion:vampflyer":1,"twilightforest:minotaur":1,"minecraft:pig":1,"enemyexpansion:ladybug":1,"quark:stoneling":1,"enemyexpansion:tarantula":2,"majruszsdifficulty:tank":1,"iter_rpg:spiderling":5,"irons_spellbooks:necromancer":3,"minecraft:creeper":13,"undead_unleashed:frenzied_knight":2,"minecraft:trader_llama":4,"minecraft:pillager":1,"enemyexpansion:meature":9,"minecraft:zombie":146,"alexsmobs:cachalot_whale":2,"undead_unleashed:shadewraith":6,"enemyexpansion:vampire":6,"enemyexpansion:botfly":33,"minecraft:stray":13,"alexsmobs:fly":1,"undead_unleashed:haunter":18,"enemyexpansion:wasp":1,"irons_spellbooks:summoned_zombie":4,"quark:toretoise":5,"alexsmobs:tasmanian_devil":1,"enemyexpansion:direwolf":12,"enemyexpansion:goblin_fear":1,"minecraft:phantom":3,"minecraft:drowned":2,"goblintraders:goblin_trader":1,"enemyexpansion:goblin":13,"iter_rpg:water_elemental":1,"minecraft:husk":5,"minecraft:bat":2,"enemyexpansion:sprinter":5,"majruszsdifficulty:cursed_armor":43,"minecraft:wandering_trader":1,"whisperwoods:zotzpyre":2,"enemyexpansion:crawler":4,"alexsmobs:cockroach":2,"enemyexpansion:huntsman":8,"minecraft:wither_skeleton":18,"enemyexpansion:flutterfly":2,"minecraft:enderman":1,"enemyexpansion:slugger":3},"minecraft:picked_up":{"irons_spellbooks:scroll":1,"minecraft:iron_chestplate":6,"minecraft:light_blue_concrete":1,"minecraft:redstone_block":4,"minecraft:chainmail_boots":5,"minecraft:prismarine_shard":7,"undead_unleashed:cursed_cloth":3,"aether:iron_gloves":1,"minecraft:enchanted_book":3,"enigmaticlegacy:enigmatic_eye":2,"forbidden_arcanus:xpetrified_orb":2,"minecraft:string":51,"apotheosis:epic_material":12,"minecraft:raw_copper":68,"minecraft:red_candle":1,"minecraft:experience_bottle":7,"irons_spellbooks:arcane_essence":7,"forbidden_arcanus:obsidian_ingot":2,"minecraft:deepslate_tiles":2,"minecraft:diamond_leggings":1,"minecraft:gold_nugget":14,"minecraft:cobbled_deepslate":261,"bosses_of_mass_destruction:soul_star":2,"undead_unleashed:grave_metal_sword":1,"minecraft:cobblestone_slab":2,"minecraft:calcite":2,"minecraft:iron_pickaxe":2,"minecraft:iron_boots":1,"minecraft:furnace":1,"byg:yellow_daffodil":1,"minecraft:tipped_arrow":2,"apotheosis:rare_material":10,"minecraft:stick":9,"apotheosis:gem":61,"forbidden_arcanus:tentacle":1,"minecraft:torch":56,"minecraft:spruce_stairs":1,"minecraft:diorite":104,"alexsmobs:centipede_leg":1,"mutantmonsters:hulk_hammer":1,"minecraft:orange_bed":2,"minecraft:stone_sword":3,"minecraft:rotten_flesh":98,"relics:horse_flute":2,"ars_nouveau:worn_notebook":2,"supplementaries:antique_ink":4,"simplyswords:emberblade":4,"supplementaries:ash":20,"minecraft:obsidian":38,"minecraft:cobblestone":479,"minecraft:birch_log":82,"minecraft:leather_chestplate":4,"minecraft:feather":2,"minecraft:cooked_beef":1,"minecraft:andesite":66,"minecraft:potato":2,"atmospheric:laurel_log":10,"minecraft:tuff":1,"byg:orchard_sapling":1,"supplementaries:flax_seeds":4,"minecraft:wither_skeleton_skull":2,"minecraft:dirt":88,"minecraft:lantern":5,"minecraft:name_tag":1,"minecraft:leather_boots":3,"minecraft:bone":100,"majruszsaccessories:miner_guide":2,"minecraft:bow":1,"minecraft:raw_gold":50,"forbidden_arcanus:rune":1,"iter_rpg:water_fragment":2,"galosphere:raw_silver":21,"twigs:twig":38,"irons_spellbooks:frozen_bone":8,"patchouli:guide_book":3,"iter_rpg:spider_silk":1,"minecraft:ink_sac":8,"iter_rpg:abyssquartz_block":1,"minecraft:dark_oak_log":1,"quark:red_corundum":1,"alexsmobs:animal_dictionary":2,"forbidden_arcanus:ender_pearl_fragment":1,"minecraft:polished_andesite":1,"minecraft:diamond":53,"iter_rpg:abyssquartz_shard":2,"sons_of_sins:wistiver_spawn_egg":1,"relics:researching_table":2,"minecraft:granite":40,"minecraft:golden_apple":2,"minecraft:spruce_sign":1,"minecraft:bread":27,"minecraft:emerald":18,"twigs:rhyolite":9,"irons_spellbooks:uncommon_ink":1,"minecraft:mud":3,"iter_rpg:spawner_fragment":4,"minecraft:crafting_table":18,"byg:soapstone":79,"minecraft:chicken":1,"irons_spellbooks:tarnished_helmet":1,"minecraft:redstone_lamp":8,"minecraft:turtle_helmet":1,"minecraft:leather_leggings":2,"cisco_mod:divine_core":1,"minecraft:gold_block":1,"enigmaticlegacy:tattered_tome":2,"minecraft:shield":6,"skilltree:wisdom_scroll":8,"relics:leather_belt":2,"minecraft:red_bed":1,"minecraft:iron_axe":2,"atmospheric:laurel_sapling":2,"minecraft:netherite_scrap":9,"undead_unleashed:grave_metal_ingot":1,"minecraft:cracked_stone_bricks":2,"minecraft:candle":8,"minecraft:iron_nugget":39,"minecraft:sugar_cane":5,"minecraft:birch_sapling":20,"minecraft:raw_iron":232,"minecraft:copper_ingot":2,"sophisticatedbackpacks:backpack":1,"minecolonies:blockhutfield":1,"minecraft:carrot":3,"majruszsaccessories:adventurer_kit":2,"minecraft:redstone":74,"byg:biomepedia":2,"minecraft:diamond_chestplate":2,"minecraft:arrow":62,"majruszsaccessories:lucky_rock":3,"minecraft:nether_bricks":13,"minecraft:diamond_boots":1,"minecraft:hay_block":4,"minecraft:gold_ingot":44,"quark:monster_box":1,"minecraft:white_wool":3,"forbidden_arcanus:spawner_scrap":17,"minecraft:bone_block":62,"minecraft:glow_ink_sac":7,"minecraft:leather":4,"majruszsdifficulty:tattered_helmet":2,"minecraft:birch_planks":35,"minecraft:crimson_fungus":32,"minecraft:oak_log":3,"minecraft:gunpowder":5,"relics:midnight_robe":3,"atmospheric:orange":33,"quark:forgotten_hat":3,"minecraft:apple":10,"iter_rpg:potsherd":4,"minecraft:iron_ingot":40,"relics:infinity_ham":1,"minecraft:polished_andesite_slab":4,"apotheosis:gem_dust":6,"minecraft:iron_sword":1,"minecraft:book":169,"minecraft:oak_slab":2,"enemyexpansion:phantom_eye":1,"quark:red_corundum_cluster":4,"minecraft:chiseled_stone_bricks":1,"minecraft:raw_iron_block":1,"minecraft:dripstone_block":3,"enigmaticlegacy:enigmatic_amulet":4,"minecraft:amethyst_shard":34,"undead_unleashed:grave_metal_scrap":31,"minecraft:blast_furnace":1,"minecraft:spider_eye":9,"minecraft:leather_helmet":6,"minecraft:infested_stone_bricks":122,"minecraft:chainmail_leggings":1,"immersive_armors:wooden_chestplate":1,"minecraft:iron_helmet":1,"minecraft:damaged_anvil":2,"minecraft:coal":608,"quark:diamond_heart":1},"minecraft:mined":{"minecraft:light_blue_concrete":1,"minecraft:granite":48,"minecraft:grass_block":8,"twigs:twig":1,"minecraft:chiseled_stone_bricks":1,"minecraft:spawner":34,"minecraft:raw_iron_block":1,"byg:red_oak_leaves":5,"minecraft:mossy_cobblestone_stairs":1,"minecraft:iron_ore":67,"minecraft:cobbled_deepslate":1,"minecraft:fire":20,"minecraft:nether_brick_stairs":2,"minecraft:pointed_dripstone":1,"minecraft:iron_bars":8,"minecraft:spruce_slab":1,"minecraft:orange_bed":1,"minecraft:deepslate_redstone_ore":4,"minecraft:red_bed":1,"delightful:pumpkin_pie":5,"minecraft:blast_furnace":1,"minecraft:polished_andesite_stairs":2,"minecraft:calcite":2,"galosphere:silver_ore":19,"minecraft:cobblestone":5,"minecraft:damaged_anvil":2,"minecraft:sugar_cane":2,"minecraft:chain":2,"minecraft:red_candle":1,"byg:soapstone":97,"byg:orchard_leaves":14,"minecraft:mud":3,"minecraft:nether_wart_block":1,"minecraft:birch_log":55,"iter_rpg:abyssquartz_block":1,"atmospheric:laurel_log":10,"minecraft:grass":1,"minecraft:oak_log":3,"minecraft:dirt":50,"byg:blueberry_bush":1,"minecolonies:blockhutfield":1,"structure_gel:dynamic_spawner":3,"minecraft:smooth_basalt":1,"twigs:rhyolite":9,"byg:flowering_orchard_leaves":1,"byg:witch_hazel_bookshelf":3,"minecraft:oak_leaves":1,"minecraft:deepslate":324,"minecraft:dark_prismarine":1,"minecraft:redstone_lamp":8,"minecraft:deepslate_tiles":2,"atmospheric:laurel_leaves":5,"quark:red_corundum":2,"minecraft:diamond_ore":2,"minecraft:tuff":4,"byg:clover_patch":1,"minecraft:mossy_cobblestone":2,"minecraft:deepslate_diamond_ore":12,"minecraft:candle":3,"minecraft:dark_oak_log":1,"minecraft:glow_lichen":1,"minecraft:nether_bricks":14,"minecraft:redstone_wire":2,"minecraft:polished_andesite_slab":4,"iter_rpg:big_vase":5,"minecraft:redstone_ore":4,"minecraft:furnace":1,"iter_rpg:small_vase":6,"minecraft:andesite":51,"minecraft:bookshelf":19,"minecraft:cobblestone_slab":2,"minecraft:deepslate_iron_ore":8,"minecraft:vine":11,"minecraft:lantern":5,"minecraft:stone":495,"minecraft:bone_block":2,"minecraft:white_wool":3,"minecraft:oak_slab":2,"minecraft:redstone_block":4,"galosphere:deepslate_silver_ore":2,"relics:researching_table":2,"minecraft:crafting_table":17,"minecraft:emerald_ore":3,"iter_rpg:vase":5,"minecraft:copper_ore":21,"minecraft:diorite":146,"atmospheric:orange":20,"supplementaries:urn":74,"minecraft:spruce_stairs":1,"minecraft:birch_planks":1,"forbidden_arcanus:xpetrified_ore":2,"iter_rpg:abyss_quartz":1,"minecraft:birch_leaves":6,"minecraft:coal_ore":75,"iter_rpg:spider_egg":2,"byg:ripe_orchard_leaves":3,"minecraft:gravel":8,"minecraft:dripstone_block":3,"minecraft:cobweb":31,"minecraft:cracked_stone_bricks":3,"minecraft:polished_andesite":7,"minecraft:stone_bricks":1,"minecraft:mossy_stone_bricks":6,"minecraft:gold_ore":8,"forbidden_arcanus:runic_deepslate":1,"minecraft:fern":2},"minecraft:killed_by":{"enemyexpansion:slugger":1,"minecraft:zombie":1,"majruszsdifficulty:cursed_armor":2,"enemyexpansion:trollenraged":1,"sons_of_sins:wistiver":2,"minecraft:skeleton":4,"enemyexpansion:ladybug":1},"minecraft:custom":{"enigmaticlegacy:play_time_with_seven_curses":0,"lootr:looted_stat":102,"minecraft:interact_with_crafting_table":58,"goblintraders:trade_with_goblin":46,"minecraft:leave_game":4,"minecraft:time_since_death":1356,"minecraft:damage_resisted":104,"minecraft:sprint_one_cm":1209804,"minecraft:damage_blocked_by_shield":1105,"minecraft:drop":362,"minecraft:talked_to_villager":9,"minecraft:play_time":657533,"minecraft:deaths":13,"minecraft:jump":6905,"minecraft:walk_on_water_one_cm":63917,"minecraft:interact_with_furnace":20,"minecraft:waystone_activated":3,"minecraft:damage_dealt":131914,"minecraft:crouch_one_cm":23863,"minecraft:interact_with_smoker":1,"minecraft:interact_with_smithing_table":1,"minecraft:interact_with_anvil":1,"minecraft:mob_kills":581,"minecraft:damage_dealt_resisted":5524,"minecraft:climb_one_cm":23769,"minecraft:walk_one_cm":1559526,"minecraft:damage_dealt_absorbed":234,"minecraft:sneak_time":12267,"minecraft:walk_under_water_one_cm":55282,"minecraft:interact_with_blast_furnace":1,"minecraft:total_world_time":657533,"enigmaticlegacy:play_time_without_seven_curses":656315,"minecraft:time_since_rest":1386,"minecraft:damage_absorbed":37,"minecraft:damage_taken":10300,"minecraft:swim_one_cm":34903,"minecraft:fly_one_cm":1709274,"minecraft:open_chest":31,"minecraft:fall_one_cm":152209},"minecraft:dropped":{"apotheosis:gem_dust":2,"byg:biomepedia":2,"minecraft:spruce_sign":1,"minecraft:iron_sword":2,"minecraft:birch_planks":20,"minecraft:oak_log":3,"minecolonies:blockhutfield":1,"minecraft:glass_bottle":2,"minecraft:diamond":38,"minecraft:crafting_table":2,"minecraft:glow_berries":2,"minecraft:lantern":5,"majruszsdifficulty:tattered_helmet":2,"minecraft:leather":6,"minecraft:cracked_stone_bricks":1,"undead_unleashed:grave_metal_scrap":29,"minecraft:leather_helmet":5,"minecraft:emerald":10,"enigmaticlegacy:enigmatic_eye":1,"minecraft:redstone_lamp":3,"minecraft:dirt":39,"forbidden_arcanus:rune":1,"minecraft:red_bed":1,"undead_unleashed:cursed_cloth":3,"minecraft:netherite_scrap":2,"minecraft:gold_nugget":14,"minecraft:amethyst_shard":23,"minecraft:iron_pickaxe":3,"minecraft:birch_log":25,"twigs:twig":29,"minecraft:gold_ingot":43,"minecraft:bone":75,"enigmaticlegacy:eye_of_nebula":1,"minecraft:crimson_fungus":32,"minecraft:stone_axe":1,"mutantmonsters:hulk_hammer":1,"minecraft:iron_nugget":4,"alexsmobs:animal_dictionary":2,"minecraft:cobbled_deepslate":34,"simplyswords:iron_twinblade":1,"minecraft:birch_sapling":20,"minecraft:obsidian":38,"minecraft:rotten_flesh":50,"enigmaticlegacy:tattered_tome":2,"iter_rpg:spawner_fragment":2,"undead_unleashed:grave_metal_ingot":1,"forbidden_arcanus:obsidian_ingot":2,"byg:yellow_daffodil":1,"minecraft:infested_stone_bricks":122,"minecraft:carrot":1,"patchouli:guide_book":4,"supplementaries:antique_ink":4,"iter_rpg:abyssquartz_shard":2,"minecraft:chiseled_stone_bricks":1,"minecraft:leather_chestplate":4,"supplementaries:flax_seeds":4,"minecraft:tipped_arrow":2,"minecraft:deepslate_tiles":2,"minecraft:gunpowder":1,"apotheosis:gem":42,"minecraft:leather_boots":3,"minecraft:chainmail_boots":5,"minecraft:leather_leggings":2,"iter_rpg:spider_silk":1,"domum_ornamentum:beige_bricks":2,"minecraft:arrow":46,"majruszsaccessories:lucky_rock":3,"enigmaticlegacy:enigmatic_amulet":4,"iter_rpg:abyssquartz_block":1,"minecraft:enchanted_book":2,"minecraft:iron_ingot":24,"minecraft:bread":7,"minecraft:oak_slab":2,"iter_rpg:water_fragment":2,"majruszsaccessories:adventurer_kit":2,"minecraft:diamond_leggings":1,"minecraft:prismarine_shard":7,"forbidden_arcanus:tentacle":1,"minecraft:iron_helmet":2,"minecraft:cobblestone":277,"minecraft:book":103,"forbidden_arcanus:xpetrified_orb":1,"minecraft:granite":22,"minecraft:copper_ingot":1,"enigmaticlegacy:corrupted_tome":3,"minecraft:spruce_stairs":1,"minecraft:chainmail_helmet":1,"apotheosis:epic_material":7,"minecraft:coal":552,"minecraft:golden_apple":1,"minecraft:stick":7,"ars_nouveau:worn_notebook":2,"origins:orb_of_origin":1,"galosphere:raw_silver":21,"minecraft:diorite":40,"minecraft:ink_sac":10,"minecraft:torch":57,"byg:soapstone":66,"forbidden_arcanus:spawner_scrap":17,"minecraft:iron_axe":1,"minecraft:mud":3,"minecraft:orange_bed":1,"minecraft:string":25,"iter_rpg:potsherd":1,"minecraft:redstone":36,"mcsa:tim_leggings":1,"twigs:rhyolite":9,"minecraft:stone_sword":3,"minecraft:raw_copper":68,"minecraft:tuff":1,"minecraft:raw_iron":112,"minecraft:experience_bottle":5,"majruszsaccessories:miner_guide":1,"minecraft:iron_boots":1,"minecraft:damaged_anvil":1,"undead_unleashed:grave_metal_sword":1,"enigmaticlegacy:iron_ring":1,"minecraft:nether_bricks":2,"enemyexpansion:phantom_eye":1,"minecraft:cobblestone_slab":2,"minecraft:potato":2,"minecraft:hay_block":2,"minecraft:shield":5,"aether:iron_gloves":1,"minecraft:diamond_chestplate":2,"aether:diamond_gloves":1,"minecraft:iron_chestplate":8,"minecraft:andesite":60,"simplyswords:emberblade":3,"minecraft:spider_eye":7,"minecraft:diamond_boots":1,"minecraft:bow":1,"minecraft:wooden_pickaxe":1,"minecraft:raw_gold":16,"quark:diamond_heart":1},"minecraft:broken":{"minecraft:stone_pickaxe":2,"quark:forgotten_hat":2,"minecraft:iron_pickaxe":3},"minecraft:crafted":{"minecraft:stone":1,"minecraft:birch_planks":44,"minecraft:stick":18,"minecraft:iron_ingot":84,"minecraft:gold_ingot":48,"minecraft:redstone":36,"minecraft:raw_iron":9,"minecraft:dark_oak_planks":4,"minecraft:air":0},"minecraft:used":{"minecraft:bone_block":3,"minecraft:shield":22,"minecraft:rotten_flesh":13,"simplyswords:diamond_twinblade":47,"minecraft:nether_bricks":71,"minecraft:carrot":1,"minecraft:obsidian":1,"minecraft:redstone_lamp":5,"minecraft:hay_block":2,"woodworks:birch_chest":2,"minecraft:furnace":2,"minecraft:diorite":1,"minecraft:damaged_anvil":1,"relics:researching_table":2,"minecraft:stone_pickaxe":262,"minecraft:wooden_pickaxe":6,"simplyswords:emberblade":1438,"minecraft:golden_apple":1,"minecraft:glow_berries":2,"minecraft:light_blue_concrete":1,"minecraft:dripstone_block":3,"sons_of_sins:wistiver_spawn_egg":1,"minecraft:bread":74,"forbidden_arcanus:splash_aureal_bottle":2,"minecraft:birch_log":2,"minecraft:andesite":6,"minecraft:experience_bottle":1,"minecraft:redstone":2,"minecraft:dirt":15,"minecraft:wooden_axe":11,"minecraft:iron_axe":38,"minecraft:cooked_beef":1,"minecraft:cobbled_deepslate":1,"minecraft:calcite":2,"minecraft:birch_planks":55,"minecraft:cracked_stone_bricks":1,"minecraft:crafting_table":17,"supplementaries:bomb":1,"simplyswords:iron_twinblade":126,"minecraft:diamond_pickaxe":221,"minecraft:apple":17,"majruszsdifficulty:undead_army_treasure_bag":1,"minecraft:iron_pickaxe":1066,"forbidden_arcanus:aureal_bottle":2,"minecraft:stone_axe":54,"minecraft:cobblestone":108,"minecraft:potion":1}},"DataVersion":3120}