{"stats":{"minecraft:dropped":{"minecraft:spruce_sign":1,"byg:biomepedia":2,"minecraft:iron_ingot":24,"minecraft:iron_sword":2,"minecraft:oak_slab":2,"minecraft:birch_planks":16,"minecraft:oak_log":3,"minecolonies:blockhutfield":1,"minecraft:glass_bottle":1,"majruszsaccessories:adventurer_kit":1,"minecraft:glow_berries":2,"forbidden_arcanus:tentacle":1,"minecraft:iron_helmet":1,"minecraft:cobblestone":276,"forbidden_arcanus:xpetrified_orb":1,"minecraft:leather":2,"minecraft:granite":22,"undead_unleashed:grave_metal_scrap":3,"minecraft:chainmail_helmet":1,"apotheosis:epic_material":2,"minecraft:coal":40,"minecraft:leather_helmet":3,"minecraft:stick":7,"minecraft:emerald":10,"minecraft:red_bed":1,"minecraft:dirt":20,"minecraft:redstone_lamp":3,"ars_nouveau:worn_notebook":2,"undead_unleashed:cursed_cloth":1,"galosphere:raw_silver":21,"minecraft:netherite_scrap":2,"minecraft:diorite":40,"minecraft:ink_sac":10,"minecraft:torch":33,"byg:soapstone":64,"forbidden_arcanus:spawner_scrap":1,"minecraft:gold_nugget":14,"minecraft:amethyst_shard":1,"minecraft:iron_pickaxe":3,"minecraft:string":9,"twigs:twig":15,"iter_rpg:potsherd":1,"minecraft:bone":47,"minecraft:redstone":36,"twigs:rhyolite":9,"minecraft:stone_axe":1,"alexsmobs:animal_dictionary":2,"minecraft:cobbled_deepslate":18,"minecraft:raw_copper":50,"simplyswords:iron_twinblade":1,"minecraft:birch_sapling":20,"minecraft:raw_iron":48,"minecraft:experience_bottle":4,"majruszsaccessories:miner_guide":1,"minecraft:rotten_flesh":9,"iter_rpg:spawner_fragment":1,"undead_unleashed:grave_metal_sword":1,"undead_unleashed:grave_metal_ingot":1,"minecraft:carrot":1,"byg:yellow_daffodil":1,"patchouli:guide_book":4,"iter_rpg:abyssquartz_shard":2,"supplementaries:flax_seeds":2,"minecraft:hay_block":2,"minecraft:gunpowder":1,"aether:iron_gloves":1,"minecraft:andesite":60,"minecraft:iron_chestplate":3,"minecraft:leather_boots":2,"apotheosis:gem":17,"minecraft:leather_leggings":2,"iter_rpg:spider_silk":1,"minecraft:spider_eye":2,"domum_ornamentum:beige_bricks":2,"minecraft:arrow":29,"minecraft:wooden_pickaxe":1,"minecraft:raw_gold":16,"enigmaticlegacy:enigmatic_amulet":4,"majruszsaccessories:lucky_rock":3},"minecraft:custom":{"minecraft:interact_with_smithing_table":1,"enigmaticlegacy:play_time_with_seven_curses":0,"lootr:looted_stat":32,"minecraft:mob_kills":160,"minecraft:interact_with_crafting_table":47,"goblintraders:trade_with_goblin":3,"minecraft:damage_dealt_resisted":1574,"minecraft:leave_game":3,"minecraft:time_since_death":8736,"minecraft:climb_one_cm":1494,"minecraft:damage_resisted":0,"minecraft:sprint_one_cm":473416,"minecraft:walk_one_cm":606522,"minecraft:drop":175,"minecraft:damage_dealt_absorbed":154,"minecraft:talked_to_villager":1,"minecraft:play_time":334459,"minecraft:deaths":8,"minecraft:sneak_time":6875,"minecraft:walk_under_water_one_cm":17325,"minecraft:jump":3509,"minecraft:interact_with_blast_furnace":1,"minecraft:walk_on_water_one_cm":44207,"minecraft:total_world_time":334459,"minecraft:interact_with_furnace":18,"enigmaticlegacy:play_time_without_seven_curses":333608,"minecraft:time_since_rest":8784,"minecraft:damage_absorbed":37,"minecraft:damage_taken":3796,"minecraft:damage_dealt":33935,"minecraft:swim_one_cm":9488,"minecraft:fly_one_cm":736836,"minecraft:crouch_one_cm":14508,"minecraft:interact_with_smoker":1,"minecraft:fall_one_cm":74428},"minecraft:broken":{"minecraft:stone_pickaxe":2,"minecraft:iron_pickaxe":3,"quark:forgotten_hat":1},"minecraft:killed":{"minecraft:cave_spider":6,"enemyexpansion:equestrian":1,"minecraft:spider":14,"quark:toretoise":4,"alexsmobs:tasmanian_devil":1,"enemyexpansion:direwolf":8,"quark:forgotten":2,"minecraft:skeleton":21,"minecraft:silverfish":3,"alexsmobs:centipede_head":2,"enemyexpansion:goblin":6,"enemyexpansion:vampflyer":1,"quark:stoneling":1,"enemyexpansion:tarantula":1,"majruszsdifficulty:cursed_armor":5,"enemyexpansion:sprinter":2,"iter_rpg:spiderling":5,"minecraft:wandering_trader":1,"minecraft:creeper":5,"enemyexpansion:crawler":1,"whisperwoods:zotzpyre":2,"undead_unleashed:frenzied_knight":2,"minecraft:trader_llama":3,"alexsmobs:cockroach":2,"undead_unleashed:shadewraith":3,"minecraft:zombie":41,"enemyexpansion:vampire":4,"enemyexpansion:huntsman":4,"undead_unleashed:haunter":2,"enemyexpansion:flutterfly":1,"enemyexpansion:slugger":2},"minecraft:killed_by":{"enemyexpansion:trollenraged":1,"enemyexpansion:slugger":1,"minecraft:skeleton":3,"minecraft:zombie":1,"enemyexpansion:ladybug":1,"majruszsdifficulty:cursed_armor":1},"minecraft:picked_up":{"minecraft:crafting_table":14,"minecraft:iron_chestplate":2,"byg:soapstone":77,"minecraft:light_blue_concrete":1,"minecraft:redstone_block":4,"minecraft:leather_leggings":2,"undead_unleashed:cursed_cloth":1,"minecraft:redstone_lamp":8,"cisco_mod:divine_core":1,"forbidden_arcanus:xpetrified_orb":2,"minecraft:red_bed":1,"minecraft:string":8,"apotheosis:epic_material":2,"atmospheric:laurel_sapling":2,"minecraft:raw_copper":50,"minecraft:netherite_scrap":4,"minecraft:experience_bottle":5,"undead_unleashed:grave_metal_ingot":1,"minecraft:cobbled_deepslate":260,"minecraft:gold_nugget":14,"undead_unleashed:grave_metal_sword":1,"minecraft:iron_nugget":31,"minecraft:iron_pickaxe":1,"minecraft:sugar_cane":5,"minecraft:birch_sapling":20,"apotheosis:rare_material":5,"minecraft:furnace":1,"minecraft:iron_boots":1,"byg:yellow_daffodil":1,"minecraft:stick":9,"minecraft:raw_iron":121,"apotheosis:gem":31,"forbidden_arcanus:tentacle":1,"minecraft:torch":32,"minecolonies:blockhutfield":1,"minecraft:diorite":104,"minecraft:carrot":2,"majruszsaccessories:adventurer_kit":1,"minecraft:redstone":72,"alexsmobs:centipede_leg":1,"minecraft:orange_bed":1,"byg:biomepedia":2,"minecraft:arrow":30,"minecraft:rotten_flesh":33,"majruszsaccessories:lucky_rock":3,"ars_nouveau:worn_notebook":2,"supplementaries:antique_ink":4,"minecraft:hay_block":4,"minecraft:gold_ingot":1,"supplementaries:ash":13,"forbidden_arcanus:spawner_scrap":1,"minecraft:cobblestone":461,"minecraft:birch_log":53,"minecraft:cooked_beef":1,"minecraft:glow_ink_sac":7,"minecraft:andesite":66,"minecraft:leather":2,"atmospheric:laurel_log":10,"minecraft:oak_log":3,"supplementaries:flax_seeds":2,"minecraft:gunpowder":1,"minecraft:dirt":45,"atmospheric:orange":33,"quark:forgotten_hat":2,"minecraft:leather_boots":2,"minecraft:bone":61,"majruszsaccessories:miner_guide":2,"minecraft:apple":6,"minecraft:raw_gold":40,"iter_rpg:potsherd":1,"minecraft:iron_ingot":39,"galosphere:raw_silver":21,"twigs:twig":38,"minecraft:iron_sword":1,"minecraft:book":39,"minecraft:oak_slab":2,"quark:red_corundum_cluster":4,"patchouli:guide_book":3,"iter_rpg:spider_silk":1,"minecraft:raw_iron_block":1,"enigmaticlegacy:enigmatic_amulet":3,"minecraft:amethyst_shard":12,"undead_unleashed:grave_metal_scrap":3,"minecraft:ink_sac":8,"minecraft:blast_furnace":1,"quark:red_corundum":1,"minecraft:dark_oak_log":1,"minecraft:spider_eye":3,"alexsmobs:animal_dictionary":2,"minecraft:leather_helmet":3,"minecraft:diamond":6,"iter_rpg:abyssquartz_shard":2,"minecraft:granite":40,"minecraft:spruce_sign":1,"minecraft:emerald":10,"twigs:rhyolite":9,"iter_rpg:spawner_fragment":1,"minecraft:coal":96},"minecraft:used":{"minecraft:rotten_flesh":9,"minecraft:dirt":6,"minecraft:carrot":1,"minecraft:wooden_axe":11,"minecraft:iron_axe":23,"minecraft:redstone_lamp":5,"minecraft:hay_block":2,"minecraft:furnace":1,"minecraft:cooked_beef":1,"minecraft:diorite":1,"minecraft:stone_pickaxe":262,"minecraft:wooden_pickaxe":6,"simplyswords:emberblade":277,"minecraft:golden_apple":1,"minecraft:glow_berries":2,"minecraft:light_blue_concrete":1,"minecraft:crafting_table":14,"simplyswords:iron_twinblade":126,"minecraft:apple":16,"minecraft:bread":23,"minecraft:iron_pickaxe":1044,"forbidden_arcanus:aureal_bottle":1,"minecraft:stone_axe":54,"minecraft:cobblestone":75,"forbidden_arcanus:splash_aureal_bottle":1,"minecraft:andesite":6},"minecraft:crafted":{"minecraft:raw_iron":9,"minecraft:redstone":36,"minecraft:dark_oak_planks":4,"minecraft:birch_planks":44,"minecraft:air":0,"minecraft:stick":18,"minecraft:iron_ingot":24},"minecraft:mined":{"atmospheric:laurel_leaves":5,"byg:clover_patch":1,"minecraft:deepslate_diamond_ore":6,"minecraft:light_blue_concrete":1,"minecraft:dark_oak_log":1,"minecraft:granite":48,"minecraft:grass_block":5,"twigs:twig":1,"iter_rpg:big_vase":5,"minecraft:spawner":5,"minecraft:raw_iron_block":1,"minecraft:redstone_ore":4,"minecraft:furnace":1,"iter_rpg:small_vase":5,"minecraft:cobbled_deepslate":1,"minecraft:iron_ore":67,"minecraft:fire":2,"minecraft:andesite":51,"minecraft:vine":2,"minecraft:pointed_dripstone":1,"minecraft:bookshelf":13,"minecraft:deepslate_iron_ore":8,"minecraft:stone":476,"minecraft:spruce_slab":1,"minecraft:orange_bed":1,"minecraft:deepslate_redstone_ore":4,"minecraft:oak_slab":2,"minecraft:redstone_block":4,"minecraft:red_bed":1,"galosphere:deepslate_silver_ore":2,"minecraft:crafting_table":15,"minecraft:blast_furnace":1,"minecraft:emerald_ore":3,"iter_rpg:vase":3,"galosphere:silver_ore":19,"minecraft:copper_ore":21,"minecraft:sugar_cane":2,"minecraft:diorite":135,"atmospheric:orange":20,"supplementaries:urn":56,"byg:soapstone":93,"forbidden_arcanus:xpetrified_ore":2,"minecraft:birch_log":53,"iter_rpg:abyss_quartz":1,"atmospheric:laurel_log":10,"minecraft:birch_leaves":6,"iter_rpg:spider_egg":2,"minecraft:oak_log":3,"minecraft:coal_ore":75,"minecraft:gravel":8,"minecraft:dirt":34,"minecolonies:blockhutfield":1,"twigs:rhyolite":9,"minecraft:gold_ore":8,"minecraft:deepslate":256,"minecraft:fern":1,"minecraft:redstone_lamp":8,"minecraft:tuff":3,"quark:red_corundum":2}},"DataVersion":3120}