{"stats":{"minecraft:killed":{"minecraft:cave_spider":37,"minecraft:witch":3,"minecraft:spider":18,"enemyexpansion:equestrian":1,"quark:forgotten":3,"minecraft:skeleton":40,"minecraft:silverfish":3,"alexsmobs:centipede_head":2,"irons_spellbooks:summoned_skeleton":2,"enemyexpansion:vampflyer":1,"twilightforest:minotaur":1,"quark:stoneling":1,"enemyexpansion:tarantula":1,"iter_rpg:spiderling":5,"irons_spellbooks:necromancer":1,"minecraft:creeper":8,"undead_unleashed:frenzied_knight":2,"minecraft:trader_llama":3,"minecraft:zombie":108,"undead_unleashed:shadewraith":4,"enemyexpansion:vampire":6,"enemyexpansion:botfly":19,"minecraft:stray":9,"undead_unleashed:haunter":12,"irons_spellbooks:summoned_zombie":3,"quark:toretoise":5,"alexsmobs:tasmanian_devil":1,"enemyexpansion:direwolf":9,"minecraft:drowned":2,"goblintraders:goblin_trader":1,"enemyexpansion:goblin":7,"minecraft:husk":1,"enemyexpansion:sprinter":2,"majruszsdifficulty:cursed_armor":31,"minecraft:wandering_trader":1,"whisperwoods:zotzpyre":2,"enemyexpansion:crawler":3,"alexsmobs:cockroach":2,"enemyexpansion:huntsman":5,"minecraft:wither_skeleton":18,"enemyexpansion:flutterfly":1,"enemyexpansion:slugger":2},"minecraft:picked_up":{"irons_spellbooks:scroll":1,"minecraft:iron_chestplate":6,"minecraft:light_blue_concrete":1,"minecraft:redstone_block":4,"minecraft:chainmail_boots":3,"undead_unleashed:cursed_cloth":1,"aether:iron_gloves":1,"minecraft:enchanted_book":2,"enigmaticlegacy:enigmatic_eye":2,"forbidden_arcanus:xpetrified_orb":2,"minecraft:string":30,"apotheosis:epic_material":12,"minecraft:raw_copper":68,"minecraft:experience_bottle":5,"forbidden_arcanus:obsidian_ingot":2,"minecraft:diamond_leggings":1,"minecraft:gold_nugget":14,"minecraft:cobbled_deepslate":261,"bosses_of_mass_destruction:soul_star":1,"undead_unleashed:grave_metal_sword":1,"minecraft:calcite":2,"minecraft:iron_pickaxe":1,"minecraft:iron_boots":1,"minecraft:furnace":1,"byg:yellow_daffodil":1,"apotheosis:rare_material":10,"minecraft:stick":9,"apotheosis:gem":53,"forbidden_arcanus:tentacle":1,"minecraft:torch":56,"minecraft:diorite":104,"alexsmobs:centipede_leg":1,"minecraft:orange_bed":2,"minecraft:rotten_flesh":56,"ars_nouveau:worn_notebook":2,"supplementaries:antique_ink":4,"simplyswords:emberblade":2,"supplementaries:ash":20,"minecraft:obsidian":38,"minecraft:cobblestone":468,"minecraft:birch_log":78,"minecraft:cooked_beef":1,"minecraft:andesite":66,"atmospheric:laurel_log":10,"minecraft:tuff":1,"supplementaries:flax_seeds":4,"minecraft:dirt":45,"minecraft:name_tag":1,"minecraft:leather_boots":2,"minecraft:bone":66,"majruszsaccessories:miner_guide":2,"minecraft:raw_gold":50,"forbidden_arcanus:rune":1,"galosphere:raw_silver":21,"twigs:twig":38,"patchouli:guide_book":3,"iter_rpg:spider_silk":1,"minecraft:ink_sac":8,"minecraft:dark_oak_log":1,"quark:red_corundum":1,"alexsmobs:animal_dictionary":2,"minecraft:polished_andesite":1,"minecraft:diamond":53,"iter_rpg:abyssquartz_shard":2,"minecraft:granite":40,"minecraft:golden_apple":2,"minecraft:spruce_sign":1,"minecraft:bread":27,"minecraft:emerald":18,"twigs:rhyolite":9,"irons_spellbooks:uncommon_ink":1,"iter_rpg:spawner_fragment":4,"minecraft:crafting_table":17,"byg:soapstone":77,"minecraft:redstone_lamp":8,"minecraft:turtle_helmet":1,"minecraft:leather_leggings":2,"cisco_mod:divine_core":1,"minecraft:gold_block":1,"enigmaticlegacy:tattered_tome":2,"minecraft:shield":4,"minecraft:red_bed":1,"minecraft:iron_axe":1,"atmospheric:laurel_sapling":2,"minecraft:netherite_scrap":6,"undead_unleashed:grave_metal_ingot":1,"minecraft:cracked_stone_bricks":1,"minecraft:iron_nugget":39,"minecraft:sugar_cane":5,"minecraft:birch_sapling":20,"minecraft:raw_iron":232,"minecraft:copper_ingot":2,"sophisticatedbackpacks:backpack":1,"minecolonies:blockhutfield":1,"minecraft:carrot":3,"majruszsaccessories:adventurer_kit":2,"minecraft:redstone":74,"byg:biomepedia":2,"minecraft:diamond_chestplate":2,"minecraft:arrow":48,"majruszsaccessories:lucky_rock":3,"minecraft:nether_bricks":13,"minecraft:diamond_boots":1,"minecraft:hay_block":4,"minecraft:gold_ingot":44,"quark:monster_box":1,"forbidden_arcanus:spawner_scrap":13,"minecraft:bone_block":62,"minecraft:glow_ink_sac":7,"minecraft:leather":4,"minecraft:birch_planks":35,"minecraft:crimson_fungus":32,"minecraft:oak_log":3,"minecraft:gunpowder":5,"relics:midnight_robe":1,"atmospheric:orange":33,"quark:forgotten_hat":3,"minecraft:apple":7,"iter_rpg:potsherd":4,"minecraft:iron_ingot":39,"apotheosis:gem_dust":4,"minecraft:iron_sword":1,"minecraft:book":160,"minecraft:oak_slab":2,"quark:red_corundum_cluster":4,"minecraft:raw_iron_block":1,"minecraft:dripstone_block":3,"enigmaticlegacy:enigmatic_amulet":4,"minecraft:amethyst_shard":34,"undead_unleashed:grave_metal_scrap":7,"minecraft:blast_furnace":1,"minecraft:spider_eye":5,"minecraft:leather_helmet":5,"minecraft:infested_stone_bricks":122,"minecraft:chainmail_leggings":1,"immersive_armors:wooden_chestplate":1,"minecraft:iron_helmet":1,"minecraft:coal":608,"quark:diamond_heart":1},"minecraft:mined":{"minecraft:light_blue_concrete":1,"minecraft:granite":48,"minecraft:grass_block":5,"twigs:twig":1,"minecraft:spawner":32,"minecraft:raw_iron_block":1,"minecraft:mossy_cobblestone_stairs":1,"minecraft:iron_ore":67,"minecraft:cobbled_deepslate":1,"minecraft:fire":16,"minecraft:nether_brick_stairs":2,"minecraft:pointed_dripstone":1,"minecraft:iron_bars":8,"minecraft:spruce_slab":1,"minecraft:orange_bed":1,"minecraft:deepslate_redstone_ore":4,"minecraft:red_bed":1,"delightful:pumpkin_pie":5,"minecraft:blast_furnace":1,"minecraft:calcite":2,"galosphere:silver_ore":19,"minecraft:cobblestone":3,"minecraft:sugar_cane":2,"byg:soapstone":96,"minecraft:nether_wart_block":1,"minecraft:birch_log":53,"atmospheric:laurel_log":10,"minecraft:oak_log":3,"minecraft:dirt":34,"minecolonies:blockhutfield":1,"minecraft:smooth_basalt":1,"twigs:rhyolite":9,"minecraft:deepslate":324,"minecraft:redstone_lamp":8,"atmospheric:laurel_leaves":5,"quark:red_corundum":2,"minecraft:diamond_ore":2,"minecraft:tuff":4,"byg:clover_patch":1,"minecraft:mossy_cobblestone":1,"minecraft:deepslate_diamond_ore":12,"minecraft:dark_oak_log":1,"minecraft:glow_lichen":1,"minecraft:nether_bricks":14,"minecraft:redstone_wire":2,"iter_rpg:big_vase":5,"minecraft:redstone_ore":4,"minecraft:furnace":1,"iter_rpg:small_vase":6,"minecraft:andesite":51,"minecraft:bookshelf":19,"minecraft:deepslate_iron_ore":8,"minecraft:vine":11,"minecraft:stone":485,"minecraft:bone_block":2,"minecraft:oak_slab":2,"minecraft:redstone_block":4,"galosphere:deepslate_silver_ore":2,"minecraft:crafting_table":16,"minecraft:emerald_ore":3,"iter_rpg:vase":5,"minecraft:copper_ore":21,"minecraft:diorite":146,"atmospheric:orange":20,"supplementaries:urn":74,"minecraft:birch_planks":1,"forbidden_arcanus:xpetrified_ore":2,"iter_rpg:abyss_quartz":1,"minecraft:birch_leaves":6,"minecraft:coal_ore":75,"iter_rpg:spider_egg":2,"minecraft:gravel":8,"minecraft:dripstone_block":3,"minecraft:cobweb":9,"minecraft:cracked_stone_bricks":2,"minecraft:stone_bricks":1,"minecraft:mossy_stone_bricks":6,"minecraft:gold_ore":8,"forbidden_arcanus:runic_deepslate":1,"minecraft:fern":1},"minecraft:killed_by":{"enemyexpansion:slugger":1,"minecraft:zombie":1,"majruszsdifficulty:cursed_armor":2,"enemyexpansion:trollenraged":1,"minecraft:skeleton":4,"enemyexpansion:ladybug":1},"minecraft:custom":{"enigmaticlegacy:play_time_with_seven_curses":0,"lootr:looted_stat":64,"minecraft:interact_with_crafting_table":51,"goblintraders:trade_with_goblin":3,"minecraft:leave_game":4,"minecraft:time_since_death":101080,"minecraft:damage_resisted":10,"minecraft:sprint_one_cm":818340,"minecraft:damage_blocked_by_shield":269,"minecraft:drop":291,"minecraft:talked_to_villager":1,"minecraft:play_time":483533,"minecraft:deaths":10,"minecraft:jump":4718,"minecraft:walk_on_water_one_cm":54628,"minecraft:interact_with_furnace":18,"minecraft:damage_dealt":70168,"minecraft:crouch_one_cm":19322,"minecraft:interact_with_smoker":1,"minecraft:interact_with_smithing_table":1,"minecraft:mob_kills":392,"minecraft:damage_dealt_resisted":5300,"minecraft:climb_one_cm":14011,"minecraft:walk_one_cm":1146532,"minecraft:damage_dealt_absorbed":234,"minecraft:sneak_time":9774,"minecraft:walk_under_water_one_cm":49960,"minecraft:interact_with_blast_furnace":1,"minecraft:total_world_time":483533,"enigmaticlegacy:play_time_without_seven_curses":482434,"minecraft:time_since_rest":101202,"minecraft:damage_absorbed":37,"minecraft:damage_taken":6429,"minecraft:swim_one_cm":13385,"minecraft:fly_one_cm":997979,"minecraft:open_chest":26,"minecraft:fall_one_cm":100927},"minecraft:dropped":{"apotheosis:gem_dust":2,"byg:biomepedia":2,"minecraft:spruce_sign":1,"minecraft:iron_sword":2,"minecraft:birch_planks":20,"minecraft:oak_log":3,"minecolonies:blockhutfield":1,"minecraft:glass_bottle":2,"minecraft:diamond":38,"minecraft:crafting_table":2,"minecraft:glow_berries":2,"minecraft:leather":4,"undead_unleashed:grave_metal_scrap":7,"minecraft:leather_helmet":4,"minecraft:emerald":10,"enigmaticlegacy:enigmatic_eye":1,"minecraft:redstone_lamp":3,"minecraft:dirt":20,"forbidden_arcanus:rune":1,"minecraft:red_bed":1,"undead_unleashed:cursed_cloth":1,"minecraft:netherite_scrap":2,"minecraft:gold_nugget":14,"minecraft:amethyst_shard":23,"minecraft:iron_pickaxe":3,"minecraft:birch_log":25,"twigs:twig":15,"minecraft:gold_ingot":43,"minecraft:bone":63,"minecraft:crimson_fungus":32,"minecraft:stone_axe":1,"minecraft:iron_nugget":4,"alexsmobs:animal_dictionary":2,"minecraft:cobbled_deepslate":34,"simplyswords:iron_twinblade":1,"minecraft:birch_sapling":20,"minecraft:obsidian":38,"minecraft:rotten_flesh":41,"enigmaticlegacy:tattered_tome":2,"iter_rpg:spawner_fragment":2,"undead_unleashed:grave_metal_ingot":1,"forbidden_arcanus:obsidian_ingot":2,"byg:yellow_daffodil":1,"minecraft:infested_stone_bricks":122,"minecraft:carrot":1,"patchouli:guide_book":4,"supplementaries:antique_ink":4,"iter_rpg:abyssquartz_shard":2,"supplementaries:flax_seeds":4,"minecraft:gunpowder":1,"apotheosis:gem":39,"minecraft:leather_boots":2,"minecraft:chainmail_boots":2,"minecraft:leather_leggings":2,"iter_rpg:spider_silk":1,"domum_ornamentum:beige_bricks":2,"minecraft:arrow":41,"majruszsaccessories:lucky_rock":3,"enigmaticlegacy:enigmatic_amulet":4,"minecraft:enchanted_book":1,"minecraft:iron_ingot":24,"minecraft:bread":7,"minecraft:oak_slab":2,"majruszsaccessories:adventurer_kit":2,"minecraft:diamond_leggings":1,"forbidden_arcanus:tentacle":1,"minecraft:iron_helmet":2,"minecraft:cobblestone":276,"minecraft:book":103,"forbidden_arcanus:xpetrified_orb":1,"minecraft:granite":22,"minecraft:copper_ingot":1,"enigmaticlegacy:corrupted_tome":3,"minecraft:chainmail_helmet":1,"apotheosis:epic_material":7,"minecraft:coal":552,"minecraft:golden_apple":1,"minecraft:stick":7,"ars_nouveau:worn_notebook":2,"galosphere:raw_silver":21,"minecraft:diorite":40,"minecraft:ink_sac":10,"minecraft:torch":57,"byg:soapstone":64,"forbidden_arcanus:spawner_scrap":13,"minecraft:orange_bed":1,"minecraft:string":25,"iter_rpg:potsherd":1,"minecraft:redstone":36,"mcsa:tim_leggings":1,"twigs:rhyolite":9,"minecraft:raw_copper":68,"minecraft:tuff":1,"minecraft:raw_iron":112,"minecraft:experience_bottle":4,"majruszsaccessories:miner_guide":1,"minecraft:iron_boots":1,"undead_unleashed:grave_metal_sword":1,"enigmaticlegacy:iron_ring":1,"minecraft:nether_bricks":2,"minecraft:hay_block":2,"minecraft:shield":3,"aether:iron_gloves":1,"minecraft:diamond_chestplate":2,"aether:diamond_gloves":1,"minecraft:iron_chestplate":8,"minecraft:andesite":60,"simplyswords:emberblade":2,"minecraft:spider_eye":3,"minecraft:diamond_boots":1,"minecraft:wooden_pickaxe":1,"minecraft:raw_gold":16,"quark:diamond_heart":1},"minecraft:crafted":{"minecraft:birch_planks":44,"minecraft:stick":18,"minecraft:iron_ingot":24,"minecraft:gold_ingot":9,"minecraft:redstone":36,"minecraft:raw_iron":9,"minecraft:dark_oak_planks":4,"minecraft:air":0},"minecraft:broken":{"minecraft:stone_pickaxe":2,"quark:forgotten_hat":2,"minecraft:iron_pickaxe":3},"minecraft:used":{"minecraft:bone_block":3,"minecraft:shield":4,"minecraft:rotten_flesh":13,"simplyswords:diamond_twinblade":2,"minecraft:nether_bricks":51,"minecraft:carrot":1,"minecraft:obsidian":1,"minecraft:redstone_lamp":5,"minecraft:hay_block":2,"woodworks:birch_chest":2,"minecraft:furnace":1,"minecraft:diorite":1,"minecraft:stone_pickaxe":262,"minecraft:wooden_pickaxe":6,"simplyswords:emberblade":761,"minecraft:golden_apple":1,"minecraft:glow_berries":2,"minecraft:light_blue_concrete":1,"minecraft:dripstone_block":3,"minecraft:bread":33,"forbidden_arcanus:splash_aureal_bottle":2,"minecraft:andesite":6,"minecraft:redstone":2,"minecraft:dirt":6,"minecraft:wooden_axe":11,"minecraft:iron_axe":31,"minecraft:cooked_beef":1,"minecraft:cobbled_deepslate":1,"minecraft:calcite":2,"minecraft:birch_planks":55,"minecraft:cracked_stone_bricks":1,"minecraft:crafting_table":15,"supplementaries:bomb":1,"simplyswords:iron_twinblade":126,"minecraft:diamond_pickaxe":167,"minecraft:apple":17,"minecraft:iron_pickaxe":1066,"forbidden_arcanus:aureal_bottle":2,"minecraft:stone_axe":54,"minecraft:cobblestone":107,"minecraft:potion":1}},"DataVersion":3120}