{"stats":{"minecraft:dropped":{"minecraft:iron_bars":1},"minecraft:custom":{"minecraft:interact_with_smithing_table":1,"enigmaticlegacy:play_time_with_seven_curses":44051,"lootr:looted_stat":27,"minecraft:interact_with_furnace":1,"minecraft:mob_kills":8,"enigmaticlegacy:play_time_without_seven_curses":4013,"minecraft:tune_noteblock":1,"minecraft:interact_with_crafting_table":1,"minecraft:damage_dealt_resisted":0,"minecraft:eat_cake_slice":4,"minecraft:leave_game":4,"minecraft:time_since_death":11990,"minecraft:sleep_in_bed":2,"minecraft:climb_one_cm":3113,"minecraft:damage_resisted":0,"minecraft:time_since_rest":10230,"minecraft:sprint_one_cm":220258,"minecraft:damage_taken":2981,"minecraft:walk_one_cm":121834,"minecraft:drop":1,"minecraft:damage_dealt":1498,"minecraft:swim_one_cm":16902,"minecraft:talked_to_villager":3,"minecraft:fly_one_cm":177842,"minecraft:player_kills":1,"minecraft:open_chest":1,"minecraft:crouch_one_cm":1377,"minecraft:play_time":48287,"minecraft:deaths":9,"minecraft:sneak_time":334,"minecraft:walk_under_water_one_cm":20656,"minecraft:jump":885,"minecraft:walk_on_water_one_cm":5126,"minecraft:total_world_time":48287,"minecraft:fall_one_cm":214586},"minecraft:killed":{"minecraft:cat":1,"minecraft:pig":3},"minecraft:killed_by":{"minecraft:wither_skeleton":2,"minecraft:skeleton":1,"minecraft:phantom":1,"minecraft:iron_golem":2,"majruszsdifficulty:cursed_armor":1},"minecraft:picked_up":{"minecraft:wheat":1,"minecraft:leather_leggings":1,"minecraft:stone_brick_wall":3,"savage_and_ravage:creeper_spores":4,"minecraft:cobblestone_wall":16,"minecraft:string":3,"minecraft:iron_axe":2,"minecraft:item_frame":3,"minecraft:stone_bricks":33,"minecraft:wheat_seeds":4,"minecraft:spruce_slab":8,"twigs:twig":1,"minecraft:iron_sword":1,"minecraft:book":6,"apotheosis:gem":5,"minecraft:spruce_stairs":1,"minecraft:porkchop":14,"minecraft:spruce_log":8,"minecraft:cyan_bed":1,"minecraft:polished_andesite":1,"minecraft:stone_sword":1,"minecraft:white_concrete":1,"minecraft:iron_bars":2},"minecraft:crafted":{"minecraft:crafting_table":1,"woodworks:spruce_chest":2},"minecraft:mined":{"minecraft:spruce_planks":2,"minecraft:white_stained_glass_pane":1,"minecraft:white_concrete":1,"twigs:twig":1,"minecraft:cyan_bed":1,"minecraft:grass":1,"minecraft:cobweb":2,"minecraft:oak_leaves":8},"minecraft:used":{"minecraft:leather_leggings":1,"farmersdelight:diamond_knife":11,"minecraft:spruce_slab":3,"minecraft:spruce_planks":8,"minecraft:leather_chestplate":1,"minecraft:iron_sword":47,"woodworks:spruce_chest":2,"minecraft:crafting_table":1,"minecraft:stone_brick_wall":3,"majruszsdifficulty:tattered_boots":1,"minecraft:iron_axe":2,"minecraft:cyan_bed":1,"minecraft:iron_pickaxe":2,"minecraft:iron_helmet":4,"minecraft:leather_helmet":1,"minecraft:potion":2,"minecraft:beef":2,"minecraft:porkchop":7,"alexsmobs:animal_dictionary":1,"minecraft:cooked_beef":2,"minecraft:iron_leggings":5}},"DataVersion":3120}