{"stats":{"minecraft:dropped":{"minecraft:iron_bars":1},"minecraft:custom":{"minecraft:time_since_rest":190,"minecraft:interact_with_smithing_table":1,"enigmaticlegacy:play_time_with_seven_curses":32226,"minecraft:interact_with_furnace":1,"lootr:looted_stat":20,"minecraft:sprint_one_cm":168504,"minecraft:damage_taken":2891,"minecraft:walk_one_cm":85359,"minecraft:mob_kills":8,"minecraft:drop":1,"minecraft:damage_dealt":1360,"enigmaticlegacy:play_time_without_seven_curses":4013,"minecraft:player_kills":1,"minecraft:swim_one_cm":16902,"minecraft:talked_to_villager":3,"minecraft:tune_noteblock":1,"minecraft:fly_one_cm":162685,"minecraft:crouch_one_cm":1033,"minecraft:play_time":36462,"minecraft:deaths":9,"minecraft:sneak_time":275,"minecraft:walk_under_water_one_cm":20656,"minecraft:jump":696,"minecraft:damage_dealt_resisted":0,"minecraft:eat_cake_slice":3,"minecraft:leave_game":4,"minecraft:time_since_death":165,"minecraft:walk_on_water_one_cm":4519,"minecraft:sleep_in_bed":1,"minecraft:total_world_time":36462,"minecraft:climb_one_cm":2974,"minecraft:damage_resisted":0,"minecraft:fall_one_cm":190378},"minecraft:killed":{"minecraft:cat":1,"minecraft:pig":3},"minecraft:killed_by":{"minecraft:iron_golem":2,"majruszsdifficulty:cursed_armor":1,"minecraft:wither_skeleton":2,"minecraft:skeleton":1,"minecraft:phantom":1},"minecraft:picked_up":{"minecraft:book":6,"apotheosis:gem":4,"minecraft:wheat":1,"minecraft:spruce_stairs":1,"minecraft:stone_brick_wall":3,"minecraft:porkchop":14,"savage_and_ravage:creeper_spores":4,"minecraft:spruce_log":8,"minecraft:cobblestone_wall":16,"minecraft:cyan_bed":1,"minecraft:string":3,"minecraft:item_frame":3,"minecraft:stone_sword":1,"minecraft:stone_bricks":33,"minecraft:wheat_seeds":4,"minecraft:white_concrete":1,"minecraft:spruce_slab":8,"twigs:twig":1,"minecraft:iron_sword":1,"minecraft:iron_bars":2},"minecraft:mined":{"minecraft:grass":1,"minecraft:white_stained_glass_pane":1,"twigs:twig":1,"minecraft:white_concrete":1,"minecraft:cobweb":2,"minecraft:cyan_bed":1,"minecraft:oak_leaves":8},"minecraft:used":{"minecraft:leather_leggings":1,"minecraft:spruce_slab":3,"minecraft:iron_pickaxe":2,"minecraft:leather_helmet":1,"minecraft:iron_helmet":4,"minecraft:leather_chestplate":1,"minecraft:iron_sword":47,"minecraft:beef":2,"minecraft:porkchop":7,"alexsmobs:animal_dictionary":1,"minecraft:stone_brick_wall":3,"majruszsdifficulty:tattered_boots":1,"minecraft:iron_leggings":5}},"DataVersion":3120}