{"stats":{"minecraft:custom":{"minecraft:time_since_rest":163,"minecraft:interact_with_smithing_table":1,"enigmaticlegacy:play_time_with_seven_curses":23576,"minecraft:interact_with_furnace":1,"lootr:looted_stat":16,"minecraft:sprint_one_cm":107409,"minecraft:damage_taken":2044,"minecraft:walk_one_cm":66252,"minecraft:mob_kills":8,"minecraft:damage_dealt":1349,"enigmaticlegacy:play_time_without_seven_curses":4013,"minecraft:tune_noteblock":1,"minecraft:swim_one_cm":5452,"minecraft:talked_to_villager":3,"minecraft:fly_one_cm":119695,"minecraft:crouch_one_cm":582,"minecraft:play_time":27760,"minecraft:deaths":7,"minecraft:sneak_time":139,"minecraft:walk_under_water_one_cm":16216,"minecraft:jump":478,"minecraft:damage_dealt_resisted":0,"minecraft:leave_game":3,"minecraft:time_since_death":140,"minecraft:walk_on_water_one_cm":1310,"minecraft:sleep_in_bed":1,"minecraft:total_world_time":27760,"minecraft:climb_one_cm":1817,"minecraft:damage_resisted":0,"minecraft:fall_one_cm":134329},"minecraft:killed":{"minecraft:cat":1,"minecraft:pig":3},"minecraft:killed_by":{"minecraft:iron_golem":2,"minecraft:wither_skeleton":2,"minecraft:skeleton":1,"minecraft:phantom":1},"minecraft:picked_up":{"minecraft:wheat":1,"minecraft:porkchop":14,"minecraft:string":3,"minecraft:stone_sword":1,"minecraft:wheat_seeds":4,"minecraft:white_concrete":1,"twigs:twig":1,"minecraft:iron_sword":1},"minecraft:mined":{"minecraft:grass":1,"minecraft:white_stained_glass_pane":1,"minecraft:white_concrete":1,"twigs:twig":1,"minecraft:cobweb":2,"minecraft:oak_leaves":5},"minecraft:used":{"minecraft:iron_pickaxe":2,"minecraft:iron_helmet":4,"minecraft:iron_sword":47,"minecraft:beef":2,"minecraft:porkchop":7,"alexsmobs:animal_dictionary":1,"majruszsdifficulty:tattered_boots":1,"minecraft:iron_leggings":5}},"DataVersion":3120}