{"stats":{"minecraft:dropped":{"minecraft:stone_sword":3,"minecraft:rotten_flesh":2,"minecraft:golden_apple":1,"minecraft:polished_andesite":1,"minecraft:tipped_arrow":1,"apotheosis:gem":2,"minecraft:iron_bars":1},"minecraft:custom":{"minecraft:interact_with_smithing_table":1,"enigmaticlegacy:play_time_with_seven_curses":80029,"lootr:looted_stat":41,"minecraft:interact_with_furnace":1,"minecraft:mob_kills":8,"enigmaticlegacy:play_time_without_seven_curses":4013,"minecraft:tune_noteblock":1,"minecraft:interact_with_crafting_table":10,"minecraft:damage_dealt_resisted":0,"minecraft:eat_cake_slice":4,"minecraft:leave_game":4,"minecraft:time_since_death":562,"minecraft:sleep_in_bed":2,"minecraft:climb_one_cm":4640,"minecraft:damage_resisted":0,"minecraft:time_since_rest":584,"minecraft:sprint_one_cm":371894,"minecraft:damage_taken":3826,"minecraft:walk_one_cm":279642,"minecraft:damage_blocked_by_shield":106,"minecraft:drop":11,"minecraft:damage_dealt":2604,"minecraft:swim_one_cm":16902,"minecraft:talked_to_villager":3,"minecraft:fly_one_cm":208862,"minecraft:player_kills":1,"minecraft:open_chest":19,"minecraft:crouch_one_cm":13782,"minecraft:play_time":84287,"minecraft:deaths":10,"minecraft:sneak_time":2273,"minecraft:walk_under_water_one_cm":21918,"minecraft:jump":1255,"minecraft:walk_on_water_one_cm":7147,"minecraft:total_world_time":84287,"minecraft:fall_one_cm":243859},"minecraft:killed":{"minecraft:cat":1,"minecraft:pig":3,"minecraft:zombie":2},"minecraft:killed_by":{"minecraft:wither_skeleton":2,"minecraft:skeleton":1,"minecraft:phantom":1,"minecraft:zombie":1,"minecraft:iron_golem":2,"majruszsdifficulty:cursed_armor":1},"minecraft:picked_up":{"minecraft:wheat":1,"minecraft:leather_leggings":1,"forbidden_arcanus:zombie_arm":1,"enigmaticlegacy:golem_heart":1,"minecraft:stone_brick_wall":3,"savage_and_ravage:creeper_spores":4,"minecraft:oak_log":1,"minecraft:cobblestone_wall":16,"minecraft:dirt":10,"minecraft:string":5,"minecraft:iron_axe":6,"minecraft:white_carpet":2,"minecraft:item_frame":3,"minecraft:stone_bricks":35,"minecraft:cracked_stone_bricks":2,"minecraft:gold_nugget":6,"minecraft:wheat_seeds":6,"minecraft:spruce_planks":1,"immersive_armors:wooden_leggings":1,"minecraft:spruce_slab":8,"twigs:twig":1,"farmersdelight:golden_knife":1,"minecraft:iron_sword":1,"minecraft:book":6,"minecraft:tipped_arrow":1,"apotheosis:gem":7,"minecraft:torch":1,"minecraft:spruce_stairs":3,"minecraft:porkchop":14,"undead_unleashed:grave_metal_scrap":2,"minecraft:carrot":1,"minecraft:spruce_log":8,"minecraft:cyan_bed":1,"immersive_armors:wooden_helmet":1,"minecraft:polished_andesite":2,"minecraft:stone_sword":4,"minecraft:rotten_flesh":95,"immersive_armors:wooden_chestplate":1,"minecraft:white_concrete":1,"minecraft:baked_potato":1,"immersive_armors:wooden_boots":1,"minecraft:coal":3,"minecraft:iron_bars":2},"minecraft:crafted":{"minecraft:oak_planks":4,"minecraft:diamond_sword":1,"minecraft:crafting_table":1,"woodworks:spruce_chest":2,"minecraft:stick":4,"minecraft:diamond_boots":1},"minecraft:mined":{"minecraft:spruce_planks":3,"iter_rpg:vase":1,"minecraft:white_stained_glass_pane":1,"minecraft:white_concrete":1,"twigs:twig":1,"iter_rpg:big_vase":1,"minecraft:cyan_bed":1,"minecraft:fire":5,"minecraft:andesite":15,"minecraft:grass":5,"minecraft:oak_log":1,"minecraft:vine":1,"minecraft:cobweb":2,"minecraft:cracked_stone_bricks":2,"minecraft:stone_bricks":1,"minecraft:polished_andesite":5,"minecraft:oak_leaves":8},"minecraft:used":{"minecraft:leather_leggings":1,"minecraft:diamond_boots":1,"farmersdelight:diamond_knife":30,"minecraft:stone_pickaxe":24,"minecraft:spruce_slab":3,"minecraft:shield":3,"minecraft:spruce_planks":8,"minecraft:leather_chestplate":1,"minecraft:iron_sword":47,"minecraft:rotten_flesh":3,"woodworks:spruce_chest":2,"minecraft:iron_chestplate":1,"minecraft:torch":6,"minecraft:crafting_table":1,"minecraft:diamond_helmet":1,"minecraft:stone_brick_wall":3,"majruszsdifficulty:tattered_boots":1,"minecraft:iron_axe":11,"minecraft:cyan_bed":1,"minecraft:iron_pickaxe":2,"minecraft:iron_helmet":4,"minecraft:leather_helmet":1,"minecraft:diamond_sword":43,"minecraft:potion":3,"minecraft:beef":2,"minecraft:cooked_porkchop":2,"minecraft:porkchop":7,"alexsmobs:animal_dictionary":1,"minecraft:cooked_beef":4,"minecraft:iron_leggings":6}},"DataVersion":3120}