{"stats":{"minecraft:killed":{"aquamirae:maw":1,"minecraft:pig":6,"minecraft:spider":1,"enemyexpansion:equestrian":2,"minecraft:vindicator":1,"minecraft:iron_golem":1,"mutantmonsters:mutant_skeleton":1,"enemyexpansion:goblin_fear":1,"minecraft:creeper":3,"minecraft:phantom":1,"minecraft:skeleton":2,"minecraft:pillager":4,"enemyexpansion:meature":1,"minecraft:zombie":13,"irons_spellbooks:apothecarist":1,"undead_unleashed:shadewraith":1,"enemyexpansion:botfly":5,"enemyexpansion:slugger":1},"minecraft:picked_up":{"minecraft:crafting_table":1,"minecraft:potato":1,"minecraft:stone_brick_stairs":4,"minecraft:cobblestone_wall":6,"minecraft:golden_boots":1,"minecraft:gunpowder":25,"mutantmonsters:mutant_skeleton_limb":6,"minecraft:string":1,"minecraft:dirt":2,"mutantmonsters:mutant_skeleton_skull":1,"minecraft:iron_axe":1,"minecraft:item_frame":1,"minecraft:name_tag":1,"minecraft:bone":4,"farmersdelight:iron_knife":1,"minecraft:wheat_seeds":2,"minecraft:spruce_planks":1,"minecraft:iron_ingot":3,"minecraft:spruce_slab":2,"apotheosis:gem_dust":1,"minecraft:iron_sword":1,"minecraft:book":21,"minecraft:golden_helmet":1,"apotheosis:gem":11,"vinery:white_grape":2,"minecraft:porkchop":13,"undead_unleashed:grave_metal_scrap":4,"sophisticatedbackpacks:iron_backpack":1,"minecraft:carrot":17,"origins:orb_of_origin":1,"minecraft:tnt":2,"minecraft:stripped_acacia_log":1,"minecraft:arrow":24,"minecraft:rotten_flesh":21,"mutantmonsters:mutant_skeleton_rib":3,"minecraft:emerald":7,"mutantmonsters:mutant_skeleton_shoulder_pad":2},"minecraft:mined":{"minecraft:grass_block":1,"byg:prairie_grass":4,"minecraft:birch_leaves":2,"minecraft:tnt":2,"minecraft:bookshelf":2,"minecraft:dirt_path":1,"minecraft:stripped_acacia_log":1,"minecraft:cobweb":2,"byg:tall_prairie_grass":1},"minecraft:killed_by":{"minecraft:vindicator":2,"mutantmonsters:mutant_skeleton":8,"enemyexpansion:botfly":1,"minecraft:zombie":1,"humancompanions:archer":1,"minecraft:pillager":2,"minecraft:iron_golem":1,"enemyexpansion:huntsman":1},"minecraft:custom":{"enigmaticlegacy:play_time_with_seven_curses":91150,"lootr:looted_stat":34,"minecraft:mob_kills":46,"enigmaticlegacy:play_time_without_seven_curses":4350,"minecraft:tune_noteblock":2,"minecraft:interact_with_crafting_table":1,"minecraft:open_barrel":3,"minecraft:damage_dealt_resisted":0,"minecraft:leave_game":1,"minecraft:time_since_death":6572,"minecraft:climb_one_cm":8706,"minecraft:damage_resisted":0,"minecraft:time_since_rest":6604,"minecraft:waystone_activated":2,"minecraft:sprint_one_cm":311024,"minecraft:damage_taken":6765,"minecraft:walk_one_cm":259607,"minecraft:drop":19,"minecraft:damage_dealt":2419,"minecraft:damage_dealt_absorbed":80,"minecraft:swim_one_cm":9077,"minecraft:talked_to_villager":5,"minecraft:fly_one_cm":423696,"minecraft:open_chest":7,"minecraft:crouch_one_cm":3018,"minecraft:play_time":96021,"minecraft:deaths":20,"minecraft:sneak_time":2936,"minecraft:walk_under_water_one_cm":10763,"minecraft:jump":1640,"minecraft:walk_on_water_one_cm":12859,"minecraft:total_world_time":96021,"minecraft:interact_with_smoker":1,"minecraft:fall_one_cm":45821},"minecraft:dropped":{"minecraft:golden_boots":1,"minecraft:porkchop":6,"minecraft:wheat_seeds":2,"minecraft:stone_sword":1,"minecraft:cobblestone_wall":6,"minecraft:rotten_flesh":3,"minecraft:name_tag":2,"apotheosis:gem":2,"minecraft:arrow":1,"majruszsdifficulty:tattered_leggings":1},"minecraft:broken":{"majruszsdifficulty:tattered_boots":1},"minecraft:crafted":{"minecraft:crafting_table":1,"minecraft:bucket":1,"minecraft:acacia_planks":4},"minecraft:used":{"minecraft:water_bucket":4,"minecraft:iron_sword":109,"minecraft:rotten_flesh":2,"minecraft:dirt":2,"minecraft:crafting_table":1,"minecraft:carrot":18,"minecraft:apple":5,"minecraft:iron_axe":9,"minecraft:bread":9,"minecraft:item_frame":1,"minecraft:bucket":4}},"DataVersion":3120}