{"stats":{"minecraft:killed":{"enemyexpansion:meature":1,"minecraft:pig":1,"minecraft:zombie":8,"enemyexpansion:slugger":1},"minecraft:picked_up":{"minecraft:book":3,"apotheosis:gem":5,"minecraft:potato":1,"vinery:white_grape":2,"minecraft:porkchop":4,"minecraft:carrot":17,"origins:orb_of_origin":1,"minecraft:string":1,"minecraft:tnt":2,"minecraft:stripped_acacia_log":1,"farmersdelight:iron_knife":1,"minecraft:rotten_flesh":14,"apotheosis:gem_dust":1,"minecraft:iron_sword":1},"minecraft:mined":{"minecraft:birch_leaves":2,"minecraft:tnt":2,"minecraft:bookshelf":1,"minecraft:stripped_acacia_log":1,"minecraft:cobweb":2},"minecraft:killed_by":{"minecraft:iron_golem":1,"enemyexpansion:huntsman":1,"enemyexpansion:botfly":1},"minecraft:custom":{"minecraft:time_since_rest":3092,"enigmaticlegacy:play_time_with_seven_curses":43589,"minecraft:waystone_activated":1,"lootr:looted_stat":24,"minecraft:sprint_one_cm":169297,"minecraft:damage_taken":1045,"minecraft:walk_one_cm":112114,"minecraft:mob_kills":11,"minecraft:drop":8,"minecraft:damage_dealt":1716,"enigmaticlegacy:play_time_without_seven_curses":4350,"minecraft:swim_one_cm":1098,"minecraft:talked_to_villager":5,"minecraft:interact_with_crafting_table":1,"minecraft:tune_noteblock":2,"minecraft:fly_one_cm":180351,"minecraft:open_chest":5,"minecraft:crouch_one_cm":1154,"minecraft:play_time":48021,"minecraft:deaths":3,"minecraft:sneak_time":1214,"minecraft:walk_under_water_one_cm":10426,"minecraft:jump":705,"minecraft:damage_dealt_resisted":0,"minecraft:leave_game":1,"minecraft:walk_on_water_one_cm":6502,"minecraft:time_since_death":3063,"minecraft:interact_with_smoker":1,"minecraft:total_world_time":48021,"minecraft:climb_one_cm":3900,"minecraft:fall_one_cm":17896},"minecraft:dropped":{"minecraft:porkchop":4,"minecraft:stone_sword":1,"minecraft:rotten_flesh":2,"majruszsdifficulty:tattered_leggings":1},"minecraft:crafted":{"minecraft:crafting_table":1,"minecraft:acacia_planks":4,"minecraft:bucket":1},"minecraft:used":{"minecraft:water_bucket":4,"minecraft:bread":9,"minecraft:iron_sword":69,"minecraft:rotten_flesh":1,"minecraft:crafting_table":1,"minecraft:carrot":4,"minecraft:bucket":4}},"DataVersion":3120}