{"stats":{"minecraft:killed":{"irons_spellbooks:pyromancer":1,"minecraft:spider":3,"minecraft:vindicator":2,"enemyexpansion:equestrian":2,"alexsmobs:shoebill":1,"alexsmobs:bald_eagle":1,"enemyexpansion:direwolf":1,"enemyexpansion:goblin_fear":5,"minecraft:phantom":1,"minecraft:skeleton":4,"irons_spellbooks:apothecarist":1,"minecraft:drowned":2,"enemyexpansion:goblin":1,"minecraft:parrot":1,"minecraft:pig":11,"aquamirae:maw":1,"minecraft:iron_golem":3,"majruszsdifficulty:cursed_armor":1,"mutantmonsters:mutant_skeleton":1,"minecraft:creeper":3,"minecraft:pillager":9,"enemyexpansion:meature":1,"minecraft:zombie":22,"undead_unleashed:shadewraith":1,"enemyexpansion:botfly":5,"undead_unleashed:haunter":1,"minecraft:cow":2,"enemyexpansion:slugger":1},"minecraft:picked_up":{"irons_spellbooks:scroll":1,"vinery:red_grape":4,"minecraft:crafting_table":2,"byg:soapstone":1,"minecraft:suspicious_stew":1,"minecraft:smithing_table":1,"minecraft:brown_bed":2,"minecraft:stone_brick_stairs":11,"minecraft:string":28,"minecraft:moss_carpet":1,"minecraft:iron_axe":1,"mutantmonsters:mutant_skeleton_skull":1,"minecraft:item_frame":7,"minecraft:experience_bottle":1,"ecologics:walnut_sapling":10,"minecraft:cracked_stone_bricks":7,"irons_spellbooks:arcane_essence":6,"minecraft:candle":3,"delightful:acorn":6,"minecraft:spruce_planks":2,"minecraft:beef":5,"iter_rpg:cattail":1,"minecraft:cobblestone_slab":26,"farmersrespite:tea_seeds":1,"minecraft:spruce_slab":2,"minecraft:golden_helmet":2,"apotheosis:gem":34,"ecologics:walnut_log":10,"minecraft:torch":10,"minecraft:green_bed":1,"minecraft:porkchop":18,"minecraft:pointed_dripstone":3,"irons_spellbooks:fire_rune":1,"origins:orb_of_origin":1,"minecraft:carrot":24,"majruszsaccessories:adventurer_kit":1,"quark:ancient_tome":1,"minecraft:tnt":8,"minecraft:arrow":38,"minecraft:rotten_flesh":36,"minecraft:beetroot_seeds":1,"mutantmonsters:mutant_skeleton_rib":3,"minecraft:black_banner":3,"minecraft:iron_bars":6,"mutantmonsters:mutant_skeleton_shoulder_pad":2,"forbidden_arcanus:spawner_scrap":1,"minecraft:cobblestone":129,"ecologics:walnut":20,"minecraft:feather":1,"minecraft:basalt":2,"minecraft:leather":3,"ars_nouveau:source_berry":3,"minecraft:potato":1,"minecraft:birch_planks":6,"minecraft:tuff":21,"minecraft:oak_log":82,"minecraft:golden_boots":1,"minecraft:cobblestone_wall":6,"minecraft:gunpowder":25,"minecraft:cobblestone_stairs":10,"mutantmonsters:mutant_skeleton_limb":6,"minecraft:dirt":6,"minecraft:lantern":1,"minecraft:name_tag":1,"iter_rpg:arcane_flower":1,"minecraft:red_carpet":1,"minecraft:bone":4,"farmersdelight:iron_knife":1,"minecraft:apple":7,"minecraft:stone_bricks":13,"minecraft:wheat_seeds":8,"minecraft:iron_ingot":11,"twigs:twig":36,"apotheosis:gem_dust":1,"minecraft:iron_sword":1,"minecraft:oak_planks":2,"minecraft:book":30,"bakery:strawberry":4,"irons_spellbooks:legendary_ink":3,"minecraft:stone_brick_slab":24,"vinery:white_grape":7,"minecraft:blast_furnace":1,"undead_unleashed:grave_metal_scrap":6,"sophisticatedbackpacks:iron_backpack":1,"delightful:salmonberries":13,"minecraft:stripped_acacia_log":1,"minecraft:slime_ball":4,"minecraft:soul_lantern":1,"minecraft:iron_helmet":1,"minecraft:painting":1,"byg:violet_leather_flower":1,"minecraft:spruce_sign":2,"minecraft:emerald":21,"minecraft:oak_sapling":35,"cisco_mod:brightsteel_ingot":1,"minecraft:coal":37,"minecraft:wheat":1},"minecraft:mined":{"minecraft:tuff":21,"minecraft:spruce_planks":1,"minecraft:candle":1,"minecraft:cobblestone_stairs":10,"minecraft:grass_block":5,"minecraft:spawner":1,"minecraft:fire":1,"byg:prairie_grass":4,"minecraft:brown_bed":2,"minecraft:pointed_dripstone":2,"minecraft:cobblestone_slab":26,"minecraft:vine":3,"minecraft:bookshelf":5,"minecraft:dirt_path":1,"minecraft:iron_bars":6,"minecraft:stripped_acacia_log":1,"ecologics:walnut_log":10,"minecraft:stone":10,"iter_rpg:arcane_flower":1,"minecraft:green_bed":1,"byg:tall_prairie_grass":2,"minecraft:smithing_table":1,"supplementaries:book_pile":1,"minecraft:basalt":2,"minecraft:stone_brick_slab":24,"minecraft:crafting_table":1,"minecraft:torch":6,"minecraft:blast_furnace":1,"farmersrespite:wild_tea_bush":1,"minecraft:cobblestone":119,"minecraft:tall_grass":1,"minecraft:oak_planks":2,"delightful:wild_salmonberries":6,"minecraft:wall_torch":2,"minecraft:birch_planks":5,"byg:soapstone":1,"byg:violet_leather_flower":1,"minecraft:black_wall_banner":3,"minecraft:birch_leaves":2,"minecraft:tnt":8,"minecraft:stone_brick_stairs":7,"minecraft:grass":7,"minecraft:oak_log":82,"minecraft:coal_ore":32,"minecraft:cobweb":24,"iter_rpg:cattail":1,"minecraft:cracked_stone_bricks":7,"minecraft:stone_bricks":13,"minecraft:oak_leaves":1},"minecraft:killed_by":{"irons_spellbooks:pyromancer":4,"minecraft:pillager":2,"minecraft:enderman":2,"minecraft:iron_golem":4,"undead_unleashed:shadewraith":2,"enemyexpansion:meature":3,"enemyexpansion:huntsman":1,"undead_unleashed:frenzied_knight":1,"minecraft:vindicator":2,"undead_unleashed:haunter":1,"mutantmonsters:mutant_skeleton":9,"minecraft:skeleton":4,"enemyexpansion:botfly":1,"minecraft:phantom":1,"minecraft:zombie":5,"humancompanions:archer":1,"enemyexpansion:direwolf":1},"minecraft:custom":{"minecraft:interact_with_smithing_table":1,"enigmaticlegacy:play_time_with_seven_curses":314297,"lootr:looted_stat":108,"minecraft:mob_kills":93,"minecraft:interact_with_crafting_table":19,"minecraft:open_barrel":13,"minecraft:damage_dealt_resisted":0,"minecraft:leave_game":3,"minecraft:time_since_death":43690,"minecraft:climb_one_cm":19018,"minecraft:damage_resisted":0,"minecraft:sprint_one_cm":956414,"minecraft:walk_one_cm":752432,"minecraft:drop":52,"minecraft:damage_dealt_absorbed":119,"minecraft:talked_to_villager":10,"minecraft:sneak_time":4262,"minecraft:play_time":319931,"minecraft:deaths":47,"minecraft:walk_under_water_one_cm":23817,"minecraft:interact_with_lectern":1,"minecraft:jump":4450,"minecraft:interact_with_brewingstand":1,"minecraft:interact_with_blast_furnace":1,"minecraft:walk_on_water_one_cm":45575,"minecraft:total_world_time":319931,"enigmaticlegacy:play_time_without_seven_curses":4350,"minecraft:tune_noteblock":2,"minecraft:sleep_in_bed":5,"minecraft:time_since_rest":38623,"minecraft:waystone_activated":4,"minecraft:damage_taken":14177,"minecraft:damage_absorbed":73,"minecraft:damage_dealt":3419,"minecraft:swim_one_cm":36828,"minecraft:fly_one_cm":1050818,"minecraft:open_chest":23,"minecraft:crouch_one_cm":4904,"minecraft:interact_with_smoker":1,"minecraft:fall_one_cm":115774,"minecraft:inspect_dispenser":1},"minecraft:dropped":{"minecraft:spruce_sign":2,"minecraft:golden_boots":1,"minecraft:birch_planks":1,"minecraft:porkchop":6,"minecraft:wheat_seeds":8,"majruszsaccessories:adventurer_kit":1,"minecraft:iron_helmet":1,"minecraft:feather":1,"ecologics:walnut_sapling":8,"byg:soapstone":1,"majruszsdifficulty:tattered_leggings":1,"twigs:twig":18,"minecraft:stone_sword":1,"minecraft:cobblestone_wall":6,"minecraft:bowl":1,"minecraft:rotten_flesh":10,"minecraft:name_tag":2,"vinery:white_grape":2,"minecraft:beetroot_seeds":7,"apotheosis:gem":2,"minecraft:slime_ball":4,"minecraft:iron_bars":6,"minecraft:arrow":1},"minecraft:broken":{"majruszsdifficulty:tattered_boots":1,"minecraft:iron_helmet":1},"minecraft:crafted":{"minecraft:oak_planks":312,"ecologics:walnut_planks":40,"forbidden_arcanus:rotten_leather":6,"minecraft:crafting_table":2,"sophisticatedbackpacks:gold_backpack":1,"minecraft:bucket":1,"woodworks:oak_chest":41,"minecraft:stick":12,"minecraft:acacia_planks":4,"minecraft:torch":48},"minecraft:used":{"quark:ancient_tome":2,"minecraft:moss_carpet":1,"minecraft:stone_sword":58,"minecraft:flint_and_steel":2,"woodworks:oak_chest":41,"minecraft:spruce_planks":1,"minecraft:iron_sword":204,"lootr:trophy":1,"vinery:white_grape":3,"minecraft:rotten_flesh":2,"minecraft:iron_chestplate":7,"minecraft:torch":43,"minecraft:dirt":6,"minecraft:carrot":18,"byg:violet_leather_flower":1,"minecraft:obsidian":3,"minecraft:lantern":1,"minecraft:iron_axe":113,"minecraft:iron_helmet":6,"minecraft:iron_boots":1,"minecraft:stone_brick_stairs":1,"minecraft:stone_bricks":3,"minecraft:item_frame":7,"minecraft:basalt":2,"ars_nouveau:source_berry":1,"minecraft:red_carpet":1,"minecraft:bow":6,"minecraft:oak_sapling":2,"minecraft:potato":2,"minecraft:brown_bed":2,"vinery:red_grape":2,"minecraft:iron_leggings":6,"minecraft:water_bucket":6,"farmersrespite:tea_seeds":1,"minecraft:birch_planks":5,"ecologics:walnut_sapling":2,"minecraft:green_bed":1,"minecraft:cracked_stone_bricks":1,"delightful:salmonberries":1,"minecraft:tnt":5,"minecraft:crafting_table":5,"minecraft:black_banner":3,"minecraft:blast_furnace":1,"bakery:strawberry":4,"minecraft:crossbow":2,"minecraft:painting":3,"majruszsdifficulty:tattered_boots":5,"relics:horse_flute":17,"minecraft:apple":15,"minecraft:suspicious_stew":1,"minecraft:bread":36,"minecraft:iron_pickaxe":285,"minecraft:soul_lantern":1,"minecraft:cobblestone":6,"minecraft:potion":1,"minecraft:smithing_table":1,"minecraft:bucket":8,"minecraft:candle":5,"iter_rpg:cattail":1}},"DataVersion":3120}