{"stats":{"minecraft:killed":{"minecraft:spider":3,"minecraft:vindicator":2,"enemyexpansion:equestrian":2,"alexsmobs:shoebill":1,"enemyexpansion:direwolf":1,"enemyexpansion:goblin_fear":5,"minecraft:phantom":1,"minecraft:skeleton":3,"irons_spellbooks:apothecarist":1,"minecraft:drowned":2,"enemyexpansion:goblin":1,"minecraft:parrot":1,"minecraft:pig":9,"aquamirae:maw":1,"minecraft:iron_golem":2,"majruszsdifficulty:cursed_armor":1,"mutantmonsters:mutant_skeleton":1,"minecraft:creeper":3,"minecraft:pillager":9,"enemyexpansion:meature":1,"minecraft:zombie":21,"undead_unleashed:shadewraith":1,"enemyexpansion:botfly":5,"undead_unleashed:haunter":1,"minecraft:cow":2,"enemyexpansion:slugger":1},"minecraft:picked_up":{"vinery:red_grape":4,"minecraft:crafting_table":1,"byg:soapstone":1,"minecraft:suspicious_stew":1,"minecraft:brown_bed":1,"minecraft:stone_brick_stairs":4,"minecraft:string":19,"minecraft:moss_carpet":1,"minecraft:iron_axe":1,"mutantmonsters:mutant_skeleton_skull":1,"minecraft:item_frame":2,"minecraft:experience_bottle":1,"minecraft:spruce_planks":2,"minecraft:beef":5,"iter_rpg:cattail":1,"farmersrespite:tea_seeds":1,"minecraft:spruce_slab":2,"minecraft:golden_helmet":2,"apotheosis:gem":30,"minecraft:green_bed":1,"minecraft:porkchop":18,"origins:orb_of_origin":1,"minecraft:carrot":24,"majruszsaccessories:adventurer_kit":1,"quark:ancient_tome":1,"minecraft:tnt":6,"minecraft:arrow":37,"minecraft:rotten_flesh":34,"minecraft:beetroot_seeds":1,"mutantmonsters:mutant_skeleton_rib":3,"minecraft:black_banner":2,"mutantmonsters:mutant_skeleton_shoulder_pad":2,"forbidden_arcanus:spawner_scrap":1,"minecraft:cobblestone":8,"minecraft:basalt":2,"minecraft:leather":3,"ars_nouveau:source_berry":3,"minecraft:potato":1,"minecraft:birch_planks":6,"minecraft:golden_boots":1,"minecraft:cobblestone_wall":6,"minecraft:gunpowder":25,"mutantmonsters:mutant_skeleton_limb":6,"minecraft:dirt":5,"minecraft:lantern":1,"minecraft:name_tag":1,"iter_rpg:arcane_flower":1,"minecraft:red_carpet":1,"minecraft:bone":4,"farmersdelight:iron_knife":1,"minecraft:wheat_seeds":8,"minecraft:iron_ingot":6,"apotheosis:gem_dust":1,"minecraft:iron_sword":1,"minecraft:oak_planks":2,"minecraft:book":27,"bakery:strawberry":2,"vinery:white_grape":3,"undead_unleashed:grave_metal_scrap":6,"sophisticatedbackpacks:iron_backpack":1,"delightful:salmonberries":13,"minecraft:stripped_acacia_log":1,"minecraft:slime_ball":4,"minecraft:soul_lantern":1,"byg:violet_leather_flower":1,"minecraft:emerald":17,"cisco_mod:brightsteel_ingot":1,"minecraft:coal":37},"minecraft:mined":{"minecraft:spruce_planks":1,"minecraft:grass_block":4,"minecraft:spawner":1,"minecraft:fire":1,"byg:prairie_grass":4,"minecraft:brown_bed":1,"minecraft:vine":3,"minecraft:bookshelf":4,"minecraft:dirt_path":1,"minecraft:stripped_acacia_log":1,"minecraft:stone":8,"iter_rpg:arcane_flower":1,"minecraft:green_bed":1,"byg:tall_prairie_grass":2,"supplementaries:book_pile":1,"minecraft:basalt":2,"farmersrespite:wild_tea_bush":1,"minecraft:tall_grass":1,"minecraft:oak_planks":2,"delightful:wild_salmonberries":6,"minecraft:birch_planks":5,"byg:soapstone":1,"byg:violet_leather_flower":1,"minecraft:black_wall_banner":2,"minecraft:birch_leaves":2,"minecraft:tnt":6,"minecraft:grass":2,"minecraft:coal_ore":32,"minecraft:cobweb":15,"iter_rpg:cattail":1},"minecraft:killed_by":{"minecraft:pillager":2,"minecraft:enderman":2,"minecraft:iron_golem":2,"undead_unleashed:shadewraith":2,"enemyexpansion:huntsman":1,"undead_unleashed:frenzied_knight":1,"minecraft:vindicator":2,"undead_unleashed:haunter":1,"mutantmonsters:mutant_skeleton":9,"minecraft:skeleton":2,"enemyexpansion:botfly":1,"minecraft:phantom":1,"minecraft:zombie":5,"humancompanions:archer":1},"minecraft:custom":{"enigmaticlegacy:play_time_with_seven_curses":206650,"lootr:looted_stat":80,"minecraft:mob_kills":84,"minecraft:interact_with_crafting_table":7,"minecraft:open_barrel":3,"minecraft:damage_dealt_resisted":0,"minecraft:leave_game":3,"minecraft:time_since_death":321,"minecraft:climb_one_cm":18518,"minecraft:damage_resisted":0,"minecraft:sprint_one_cm":623228,"minecraft:walk_one_cm":451637,"minecraft:drop":33,"minecraft:damage_dealt_absorbed":119,"minecraft:talked_to_villager":6,"minecraft:sneak_time":3665,"minecraft:play_time":211931,"minecraft:deaths":35,"minecraft:walk_under_water_one_cm":22841,"minecraft:jump":3528,"minecraft:interact_with_blast_furnace":1,"minecraft:walk_on_water_one_cm":45154,"minecraft:total_world_time":211931,"enigmaticlegacy:play_time_without_seven_curses":4350,"minecraft:tune_noteblock":2,"minecraft:sleep_in_bed":3,"minecraft:time_since_rest":366,"minecraft:waystone_activated":3,"minecraft:damage_taken":11927,"minecraft:damage_absorbed":44,"minecraft:damage_dealt":3343,"minecraft:swim_one_cm":35471,"minecraft:fly_one_cm":836997,"minecraft:open_chest":9,"minecraft:crouch_one_cm":3709,"minecraft:interact_with_smoker":1,"minecraft:fall_one_cm":94146,"minecraft:inspect_dispenser":1},"minecraft:dropped":{"minecraft:golden_boots":1,"minecraft:birch_planks":1,"minecraft:porkchop":6,"minecraft:wheat_seeds":8,"majruszsaccessories:adventurer_kit":1,"byg:soapstone":1,"majruszsdifficulty:tattered_leggings":1,"minecraft:stone_sword":1,"minecraft:cobblestone_wall":6,"minecraft:bowl":1,"minecraft:rotten_flesh":8,"minecraft:name_tag":2,"minecraft:beetroot_seeds":1,"apotheosis:gem":2,"minecraft:slime_ball":4,"minecraft:arrow":1},"minecraft:crafted":{"minecraft:crafting_table":2,"sophisticatedbackpacks:gold_backpack":1,"minecraft:bucket":1,"minecraft:stick":4,"minecraft:acacia_planks":4,"minecraft:torch":16},"minecraft:broken":{"majruszsdifficulty:tattered_boots":1,"minecraft:iron_helmet":1},"minecraft:used":{"quark:ancient_tome":2,"minecraft:moss_carpet":1,"minecraft:stone_sword":13,"minecraft:flint_and_steel":2,"minecraft:spruce_planks":1,"minecraft:iron_sword":202,"vinery:white_grape":1,"minecraft:rotten_flesh":2,"minecraft:iron_chestplate":6,"minecraft:torch":4,"minecraft:dirt":5,"minecraft:carrot":18,"byg:violet_leather_flower":1,"minecraft:obsidian":3,"minecraft:lantern":1,"minecraft:iron_axe":17,"minecraft:iron_helmet":6,"minecraft:iron_boots":1,"minecraft:item_frame":2,"minecraft:basalt":2,"ars_nouveau:source_berry":1,"minecraft:red_carpet":1,"minecraft:bow":6,"minecraft:potato":2,"vinery:red_grape":2,"minecraft:iron_leggings":6,"minecraft:water_bucket":6,"farmersrespite:tea_seeds":1,"minecraft:birch_planks":5,"minecraft:green_bed":1,"delightful:salmonberries":1,"minecraft:tnt":3,"minecraft:crafting_table":3,"bakery:strawberry":2,"majruszsdifficulty:tattered_boots":5,"minecraft:apple":14,"minecraft:suspicious_stew":1,"minecraft:bread":26,"minecraft:iron_pickaxe":44,"minecraft:soul_lantern":1,"minecraft:bucket":7,"iter_rpg:cattail":1}},"DataVersion":3120}