{"stats":{"minecraft:killed":{"minecraft:zombified_piglin":1,"irons_spellbooks:pyromancer":1,"enemyexpansion:equestrian":2,"minecraft:spider":4,"alexsmobs:shoebill":1,"alexsmobs:bald_eagle":1,"minecraft:skeleton":5,"irons_spellbooks:apothecarist":1,"minecraft:parrot":1,"minecraft:pig":12,"enemyexpansion:tarantula":1,"minecraft:iron_golem":3,"minecolonies:mercenary":4,"mutantmonsters:mutant_skeleton":1,"minecraft:creeper":3,"minecraft:pillager":9,"enemyexpansion:meature":1,"minecraft:zombie":27,"undead_unleashed:shadewraith":1,"enemyexpansion:botfly":10,"undead_unleashed:haunter":1,"minecraft:cow":2,"minecraft:vindicator":2,"enemyexpansion:direwolf":1,"enemyexpansion:goblin_fear":5,"minecraft:phantom":3,"minecraft:drowned":2,"enemyexpansion:goblin":1,"aquamirae:maw":1,"majruszsdifficulty:cursed_armor":1,"enemyexpansion:slugger":2},"minecraft:picked_up":{"irons_spellbooks:scroll":1,"minecraft:wheat":1,"minecraft:iron_chestplate":1,"vinery:red_grape":4,"minecraft:suspicious_stew":1,"byg:pink_allium":2,"minecraft:smithing_table":1,"minecraft:brown_bed":3,"minecraft:stone_brick_stairs":19,"enigmaticlegacy:enigmatic_eye":1,"minecraft:string":39,"mutantmonsters:mutant_skeleton_skull":1,"minecraft:raw_copper":50,"minecraft:iron_leggings":1,"minecraft:experience_bottle":1,"irons_spellbooks:arcane_essence":6,"minecraft:gold_nugget":1,"minecraft:spruce_planks":2,"delightful:acorn":6,"minecraft:cobblestone_slab":31,"farmersrespite:tea_seeds":1,"minecraft:iron_pickaxe":1,"farmersdelight:ratatouille":16,"minecraft:golden_helmet":3,"apotheosis:gem":42,"ecologics:walnut_log":10,"minecraft:torch":30,"minecraft:green_bed":1,"minecraft:porkchop":29,"minecraft:pointed_dripstone":3,"irons_spellbooks:fire_rune":1,"quark:ancient_tome":1,"minecraft:rotten_flesh":59,"mutantmonsters:mutant_skeleton_shoulder_pad":2,"minecraft:iron_bars":6,"minecraft:cobblestone":238,"minecraft:enchanting_table":4,"ecologics:walnut":40,"minecraft:feather":1,"ars_nouveau:source_berry":5,"minecraft:potato":1,"minecraft:tuff":25,"minecolonies:blockhutbuilder":2,"byg:orchard_sapling":25,"minecraft:dirt":15,"minecraft:lantern":1,"minecraft:name_tag":1,"minecraft:bone":10,"iter_rpg:arcane_flower":2,"farmersdelight:iron_knife":1,"minecraft:wheat_seeds":8,"minecraft:diamond_helmet":2,"minecraft:glowstone_dust":3,"twigs:twig":56,"minecraft:oak_planks":2,"irons_spellbooks:legendary_ink":3,"vinery:white_grape":7,"sophisticatedbackpacks:iron_backpack":1,"minecraft:fermented_spider_eye":2,"forbidden_arcanus:ender_pearl_fragment":13,"minecraft:stripped_acacia_log":1,"minecraft:sugar":10,"minecraft:soul_lantern":1,"minecraft:polished_granite_slab":1,"minecraft:spruce_sign":2,"minecraft:emerald":21,"minecraft:oak_sapling":40,"cisco_mod:brightsteel_ingot":1,"majruszsdifficulty:tattered_boots":2,"minecraft:crafting_table":2,"byg:soapstone":1,"minecraft:moss_carpet":1,"minecraft:iron_axe":1,"minecraft:wooden_sword":1,"minecraft:flint_and_steel":2,"minecraft:item_frame":8,"ecologics:walnut_sapling":10,"minecraft:cracked_stone_bricks":16,"minecraft:candle":3,"minecraft:beef":5,"iter_rpg:cattail":1,"minecraft:spruce_slab":2,"minecraft:phantom_membrane":11,"sophisticatedbackpacks:backpack":1,"majruszsaccessories:adventurer_kit":1,"minecraft:carrot":41,"origins:orb_of_origin":2,"minecraft:tnt":8,"minecraft:polished_granite_stairs":1,"minecraft:arrow":49,"minecraft:beetroot_seeds":1,"mutantmonsters:mutant_skeleton_rib":3,"minecraft:gold_ingot":5,"minecraft:black_banner":3,"forbidden_arcanus:spawner_scrap":1,"cisco_mod:champion_coin":7,"minecraft:white_wool":10,"minecraft:stripped_oak_log":1,"minecraft:basalt":2,"minecraft:leather":3,"majruszsdifficulty:tattered_helmet":1,"minecraft:birch_planks":10,"minecraft:oak_log":210,"minecraft:golden_boots":1,"minecraft:gunpowder":25,"minecraft:cobblestone_wall":6,"minecraft:cobblestone_stairs":11,"mutantmonsters:mutant_skeleton_limb":6,"minecraft:red_carpet":1,"supplementaries:wrench":1,"minecraft:apple":104,"minecraft:stone_bricks":21,"minecraft:iron_ingot":29,"minecraft:glass_bottle":55,"apotheosis:gem_dust":1,"minecraft:iron_sword":1,"minecraft:book":30,"bakery:strawberry":4,"enemyexpansion:phantom_eye":1,"minecraft:stone_brick_slab":33,"undead_unleashed:grave_metal_scrap":8,"minecraft:blast_furnace":1,"delightful:salmonberries":13,"minecraft:spider_eye":1,"farmersdelight:bacon_and_eggs":16,"minecraft:slime_ball":8,"minecraft:purple_glazed_terracotta":4,"immersive_armors:wooden_chestplate":1,"minecraft:iron_helmet":2,"minecraft:painting":1,"byg:violet_leather_flower":1,"minecraft:coal":38,"immersive_armors:wooden_boots":1},"minecraft:mined":{"minecraft:polished_granite_slab":1,"minecraft:spruce_planks":1,"minecraft:cobblestone_stairs":11,"minecraft:grass_block":5,"minecraft:spawner":1,"minecolonies:blockconstructiontape":3,"minecraft:fire":2,"byg:prairie_grass":4,"minecraft:brown_bed":3,"minecraft:enchanting_table":4,"minecraft:pointed_dripstone":2,"minecraft:dirt_path":1,"minecraft:iron_bars":6,"ecologics:walnut_log":10,"minecraft:polished_granite_stairs":1,"iter_rpg:arcane_flower":1,"minecraft:green_bed":1,"byg:tall_prairie_grass":2,"supplementaries:book_pile":1,"minecraft:torch":8,"minecraft:blast_furnace":1,"minecraft:cobblestone":153,"minecraft:oak_planks":2,"minecraft:wall_torch":4,"byg:soapstone":1,"byg:orchard_leaves":114,"minecraft:tnt":8,"minecraft:stone_brick_stairs":15,"minecraft:grass":12,"minecraft:oak_log":213,"minecraft:dirt":9,"iter_rpg:cattail":1,"byg:flowering_orchard_leaves":4,"minecraft:oak_leaves":3,"minecraft:purple_glazed_terracotta":4,"minecraft:tuff":25,"minecraft:candle":1,"minecolonies:blockhutbuilder":2,"minecraft:bookshelf":5,"minecraft:cobblestone_slab":31,"minecraft:vine":3,"byg:apple_fruit_block":1,"minecraft:stripped_acacia_log":1,"minecraft:stripped_oak_log":1,"minecraft:stone":94,"minecraft:smithing_table":1,"minecraft:basalt":2,"minecraft:stone_brick_slab":33,"minecraft:crafting_table":1,"farmersrespite:wild_tea_bush":1,"minecraft:tall_grass":1,"minecraft:copper_ore":12,"delightful:wild_salmonberries":6,"minecraft:birch_planks":5,"byg:violet_leather_flower":1,"minecraft:black_wall_banner":3,"minecraft:birch_leaves":2,"minecraft:coal_ore":32,"minecraft:sunflower":1,"byg:ripe_orchard_leaves":75,"minecraft:cobweb":27,"minecraft:cracked_stone_bricks":16,"minecraft:stone_bricks":21},"minecraft:killed_by":{"irons_spellbooks:pyromancer":4,"minecraft:pillager":2,"undead_unleashed:shadewraith":2,"enemyexpansion:meature":3,"enemyexpansion:huntsman":1,"undead_unleashed:frenzied_knight":1,"minecraft:vindicator":2,"undead_unleashed:haunter":1,"minecraft:zombie":5,"humancompanions:archer":1,"minecraft:enderman":5,"minecraft:iron_golem":4,"mutantmonsters:mutant_skeleton":10,"minecraft:skeleton":4,"enemyexpansion:botfly":1,"minecraft:phantom":1,"enemyexpansion:direwolf":1},"minecraft:custom":{"enigmaticlegacy:play_time_with_seven_curses":452175,"lootr:looted_stat":108,"minecraft:interact_with_crafting_table":30,"minecraft:open_barrel":16,"minecraft:leave_game":3,"minecraft:time_since_death":3683,"minecraft:damage_resisted":0,"minecraft:sprint_one_cm":1257431,"minecraft:drop":66,"minecraft:talked_to_villager":18,"minecraft:play_time":457931,"minecraft:deaths":51,"minecraft:jump":5212,"minecraft:interact_with_brewingstand":1,"minecraft:walk_on_water_one_cm":50719,"minecraft:sleep_in_bed":7,"minecraft:waystone_activated":5,"minecraft:damage_dealt":3960,"minecraft:crouch_one_cm":6229,"minecraft:interact_with_smoker":1,"minecraft:inspect_dispenser":1,"minecraft:interact_with_smithing_table":1,"minecraft:mob_kills":116,"minecraft:damage_dealt_resisted":0,"minecraft:climb_one_cm":19018,"minecraft:walk_one_cm":1046329,"minecraft:damage_dealt_absorbed":159,"minecraft:sneak_time":6274,"minecraft:walk_under_water_one_cm":25466,"minecraft:interact_with_lectern":1,"minecraft:interact_with_blast_furnace":1,"minecraft:total_world_time":457931,"enigmaticlegacy:play_time_without_seven_curses":4350,"minecraft:tune_noteblock":2,"minecraft:pot_flower":1,"minecraft:time_since_rest":3711,"minecraft:damage_taken":15279,"minecraft:damage_absorbed":143,"minecraft:use_wand":2,"minecraft:swim_one_cm":36828,"minecraft:fly_one_cm":1231802,"minecraft:open_chest":146,"minecraft:fall_one_cm":130365},"minecraft:dropped":{"minecraft:spruce_sign":2,"minecraft:porkchop":7,"minecraft:birch_planks":1,"ecologics:walnut_sapling":8,"majruszsdifficulty:tattered_leggings":1,"twigs:twig":25,"minecraft:rotten_flesh":10,"minecraft:beetroot_seeds":7,"apotheosis:gem":2,"minecraft:iron_bars":6,"minecraft:arrow":1,"minecraft:golden_boots":1,"minecraft:wheat_seeds":8,"majruszsaccessories:adventurer_kit":1,"minecraft:feather":1,"minecraft:iron_helmet":2,"byg:soapstone":1,"minecraft:iron_leggings":1,"minecraft:string":5,"byg:pink_allium":1,"minecraft:stone_sword":1,"minecraft:cobblestone_wall":6,"minecraft:bowl":1,"minecraft:name_tag":2,"vinery:white_grape":2,"minecraft:iron_chestplate":1,"cisco_mod:champion_coin":6,"minecraft:slime_ball":5},"minecraft:broken":{"majruszsdifficulty:tattered_boots":1,"minecraft:iron_leggings":1,"minecraft:iron_axe":1,"minecraft:iron_helmet":1},"minecraft:crafted":{"minecraft:oak_planks":368,"ecologics:walnut_planks":40,"minecraft:crafting_table":3,"minecraft:stick":30,"forbidden_arcanus:rotten_leather":6,"minecraft:stone_pickaxe":1,"sophisticatedbackpacks:gold_backpack":1,"minecraft:bucket":1,"minecraft:stone_axe":2,"woodworks:oak_chest":46,"minecraft:acacia_planks":4,"minecraft:torch":56},"minecraft:used":{"quark:ancient_tome":2,"minecraft:moss_carpet":1,"minecraft:iron_sword":218,"lootr:trophy":1,"vinery:white_grape":3,"minecraft:rotten_flesh":2,"minecraft:iron_chestplate":7,"minecraft:carrot":26,"byg:violet_leather_flower":1,"minecraft:obsidian":3,"minecraft:lantern":1,"minecraft:iron_helmet":6,"minecraft:stone_brick_stairs":1,"minecraft:stone_bricks":3,"minecraft:item_frame":8,"minecraft:red_carpet":1,"ars_nouveau:source_berry":1,"minecraft:bow":6,"minecraft:oak_sapling":6,"minecraft:potato":2,"minecraft:oak_planks":1,"minecraft:blast_furnace":1,"minecraft:black_banner":3,"minecraft:crossbow":2,"majruszsdifficulty:tattered_boots":5,"relics:horse_flute":23,"minecraft:bread":45,"minecraft:soul_lantern":1,"minecraft:smithing_table":1,"waystones:sandy_waystone":1,"minecraft:enchanting_table":5,"minecraft:stone_sword":64,"minecraft:flint_and_steel":3,"woodworks:oak_chest":46,"minecraft:spruce_planks":1,"minecraft:oak_door":2,"minecraft:torch":52,"minecraft:dirt":6,"minecraft:iron_axe":291,"minecraft:iron_boots":2,"minecraft:basalt":2,"vinery:red_grape":2,"minecraft:iron_leggings":6,"minecraft:brown_bed":3,"minecraft:water_bucket":6,"minecraft:cobblestone_stairs":1,"farmersrespite:tea_seeds":1,"minecraft:birch_planks":5,"minecraft:purple_glazed_terracotta":4,"ecologics:walnut_sapling":2,"minecraft:green_bed":1,"minecraft:cracked_stone_bricks":1,"delightful:salmonberries":1,"minecraft:tnt":5,"minecraft:crafting_table":6,"constructionwand:stone_wand":1,"bakery:strawberry":4,"minecraft:painting":3,"minecraft:apple":16,"minecraft:iron_pickaxe":470,"minecraft:suspicious_stew":1,"minecraft:stone_axe":1,"minecraft:cobblestone":13,"minecraft:potion":1,"minecraft:bucket":8,"structurize:sceptergold":9,"iter_rpg:cattail":1,"minecraft:candle":5}},"DataVersion":3120}