{"stats":{"minecraft:killed":{"enemyexpansion:equestrian":2,"minecraft:vindicator":1,"minecraft:spider":3,"enemyexpansion:direwolf":1,"enemyexpansion:goblin_fear":5,"minecraft:phantom":1,"minecraft:skeleton":3,"irons_spellbooks:apothecarist":1,"minecraft:drowned":1,"enemyexpansion:goblin":1,"minecraft:parrot":1,"aquamirae:maw":1,"minecraft:pig":6,"minecraft:iron_golem":2,"mutantmonsters:mutant_skeleton":1,"minecraft:creeper":3,"minecraft:pillager":4,"enemyexpansion:meature":1,"minecraft:zombie":21,"undead_unleashed:shadewraith":1,"enemyexpansion:botfly":5,"undead_unleashed:haunter":1,"enemyexpansion:slugger":1},"minecraft:picked_up":{"byg:soapstone":1,"minecraft:crafting_table":1,"minecraft:brown_bed":1,"minecraft:stone_brick_stairs":4,"minecraft:string":19,"minecraft:iron_axe":1,"mutantmonsters:mutant_skeleton_skull":1,"minecraft:item_frame":1,"minecraft:experience_bottle":1,"minecraft:spruce_planks":2,"minecraft:spruce_slab":2,"minecraft:golden_helmet":1,"apotheosis:gem":28,"minecraft:green_bed":1,"minecraft:porkchop":13,"origins:orb_of_origin":1,"minecraft:carrot":21,"majruszsaccessories:adventurer_kit":1,"quark:ancient_tome":1,"minecraft:tnt":6,"minecraft:arrow":31,"minecraft:rotten_flesh":34,"mutantmonsters:mutant_skeleton_rib":3,"mutantmonsters:mutant_skeleton_shoulder_pad":2,"forbidden_arcanus:spawner_scrap":1,"minecraft:cobblestone":8,"minecraft:basalt":2,"minecraft:potato":1,"minecraft:birch_planks":6,"minecraft:golden_boots":1,"minecraft:cobblestone_wall":6,"minecraft:gunpowder":25,"mutantmonsters:mutant_skeleton_limb":6,"minecraft:dirt":5,"minecraft:lantern":1,"minecraft:name_tag":1,"minecraft:red_carpet":1,"minecraft:bone":4,"farmersdelight:iron_knife":1,"minecraft:wheat_seeds":8,"minecraft:iron_ingot":6,"apotheosis:gem_dust":1,"minecraft:iron_sword":1,"minecraft:oak_planks":2,"minecraft:book":27,"vinery:white_grape":2,"undead_unleashed:grave_metal_scrap":6,"sophisticatedbackpacks:iron_backpack":1,"minecraft:stripped_acacia_log":1,"minecraft:slime_ball":4,"minecraft:soul_lantern":1,"minecraft:emerald":7,"cisco_mod:brightsteel_ingot":1,"minecraft:coal":37},"minecraft:mined":{"minecraft:spruce_planks":1,"minecraft:grass_block":4,"minecraft:spawner":1,"byg:prairie_grass":4,"minecraft:brown_bed":1,"minecraft:bookshelf":4,"minecraft:dirt_path":1,"minecraft:stripped_acacia_log":1,"minecraft:stone":8,"minecraft:green_bed":1,"byg:tall_prairie_grass":2,"supplementaries:book_pile":1,"minecraft:basalt":2,"minecraft:oak_planks":2,"minecraft:birch_planks":5,"byg:soapstone":1,"minecraft:birch_leaves":2,"minecraft:tnt":6,"minecraft:grass":2,"minecraft:coal_ore":32,"minecraft:cobweb":15},"minecraft:killed_by":{"minecraft:pillager":2,"minecraft:enderman":1,"minecraft:iron_golem":2,"enemyexpansion:huntsman":1,"minecraft:vindicator":2,"undead_unleashed:haunter":1,"mutantmonsters:mutant_skeleton":8,"minecraft:skeleton":2,"enemyexpansion:botfly":1,"minecraft:phantom":1,"minecraft:zombie":5,"humancompanions:archer":1},"minecraft:custom":{"enigmaticlegacy:play_time_with_seven_curses":178530,"lootr:looted_stat":66,"minecraft:mob_kills":70,"minecraft:interact_with_crafting_table":7,"minecraft:open_barrel":3,"minecraft:damage_dealt_resisted":0,"minecraft:leave_game":2,"minecraft:time_since_death":25230,"minecraft:climb_one_cm":15052,"minecraft:damage_resisted":0,"minecraft:sprint_one_cm":475541,"minecraft:walk_one_cm":384446,"minecraft:drop":31,"minecraft:damage_dealt_absorbed":80,"minecraft:talked_to_villager":6,"minecraft:play_time":183652,"minecraft:deaths":30,"minecraft:sneak_time":3545,"minecraft:walk_under_water_one_cm":21212,"minecraft:jump":2781,"minecraft:walk_on_water_one_cm":38097,"minecraft:total_world_time":183652,"enigmaticlegacy:play_time_without_seven_curses":4350,"minecraft:tune_noteblock":2,"minecraft:sleep_in_bed":3,"minecraft:time_since_rest":23123,"minecraft:waystone_activated":3,"minecraft:damage_taken":10075,"minecraft:damage_absorbed":44,"minecraft:damage_dealt":3141,"minecraft:swim_one_cm":28872,"minecraft:fly_one_cm":693396,"minecraft:open_chest":7,"minecraft:crouch_one_cm":3585,"minecraft:interact_with_smoker":1,"minecraft:fall_one_cm":75201,"minecraft:inspect_dispenser":1},"minecraft:dropped":{"minecraft:golden_boots":1,"minecraft:porkchop":6,"minecraft:birch_planks":1,"minecraft:wheat_seeds":8,"majruszsaccessories:adventurer_kit":1,"byg:soapstone":1,"majruszsdifficulty:tattered_leggings":1,"minecraft:stone_sword":1,"minecraft:cobblestone_wall":6,"minecraft:rotten_flesh":8,"minecraft:name_tag":2,"apotheosis:gem":2,"minecraft:slime_ball":4,"minecraft:arrow":1},"minecraft:crafted":{"minecraft:crafting_table":2,"sophisticatedbackpacks:gold_backpack":1,"minecraft:bucket":1,"minecraft:stick":4,"minecraft:acacia_planks":4,"minecraft:torch":16},"minecraft:broken":{"majruszsdifficulty:tattered_boots":1},"minecraft:used":{"quark:ancient_tome":2,"minecraft:stone_sword":13,"minecraft:spruce_planks":1,"minecraft:iron_sword":197,"minecraft:rotten_flesh":2,"minecraft:iron_chestplate":5,"minecraft:torch":4,"minecraft:dirt":5,"minecraft:carrot":18,"minecraft:lantern":1,"minecraft:iron_axe":17,"minecraft:iron_helmet":5,"minecraft:item_frame":1,"minecraft:basalt":2,"minecraft:red_carpet":1,"minecraft:iron_leggings":5,"minecraft:water_bucket":6,"minecraft:birch_planks":5,"minecraft:green_bed":1,"minecraft:tnt":3,"minecraft:crafting_table":3,"majruszsdifficulty:tattered_boots":5,"minecraft:apple":11,"minecraft:bread":20,"minecraft:iron_pickaxe":44,"minecraft:soul_lantern":1,"minecraft:bucket":7}},"DataVersion":3120}