{"stats":{"minecraft:killed":{"enemyexpansion:meature":1,"minecraft:zombie":1},"minecraft:picked_up":{"minecraft:stripped_acacia_log":1,"minecraft:rotten_flesh":7,"minecraft:potato":1,"minecraft:carrot":17,"minecraft:iron_sword":1,"minecraft:string":1},"minecraft:mined":{"minecraft:stripped_acacia_log":1,"minecraft:cobweb":2},"minecraft:custom":{"minecraft:time_since_rest":24021,"enigmaticlegacy:play_time_with_seven_curses":19671,"minecraft:waystone_activated":1,"minecraft:crouch_one_cm":1098,"minecraft:play_time":24021,"lootr:looted_stat":21,"minecraft:sprint_one_cm":72308,"minecraft:damage_taken":347,"minecraft:walk_one_cm":65428,"minecraft:sneak_time":1020,"minecraft:walk_under_water_one_cm":9705,"minecraft:mob_kills":2,"minecraft:damage_dealt_resisted":0,"minecraft:drop":3,"minecraft:jump":237,"minecraft:damage_dealt":1043,"minecraft:leave_game":1,"minecraft:time_since_death":24021,"minecraft:walk_on_water_one_cm":3355,"minecraft:climb_one_cm":1641,"enigmaticlegacy:play_time_without_seven_curses":4350,"minecraft:total_world_time":24021,"minecraft:tune_noteblock":2,"minecraft:interact_with_crafting_table":1,"minecraft:talked_to_villager":5,"minecraft:fall_one_cm":6174,"minecraft:fly_one_cm":65261},"minecraft:dropped":{"minecraft:rotten_flesh":2,"minecraft:stone_sword":1},"minecraft:crafted":{"minecraft:bucket":1,"minecraft:acacia_planks":4,"minecraft:crafting_table":1},"minecraft:used":{"minecraft:water_bucket":4,"minecraft:crafting_table":1,"minecraft:bread":5,"minecraft:carrot":1,"minecraft:bucket":4,"minecraft:iron_sword":32}},"DataVersion":3120}