{"stats":{"minecraft:killed":{"enemyexpansion:meature":1,"minecraft:zombie":3,"enemyexpansion:slugger":1},"minecraft:picked_up":{"minecraft:book":3,"apotheosis:gem":5,"minecraft:potato":1,"minecraft:carrot":17,"minecraft:string":1,"minecraft:tnt":2,"minecraft:stripped_acacia_log":1,"farmersdelight:iron_knife":1,"minecraft:rotten_flesh":12,"minecraft:iron_sword":1},"minecraft:mined":{"minecraft:tnt":2,"minecraft:bookshelf":1,"minecraft:stripped_acacia_log":1,"minecraft:cobweb":2},"minecraft:killed_by":{"minecraft:iron_golem":1},"minecraft:custom":{"minecraft:time_since_rest":10833,"enigmaticlegacy:play_time_with_seven_curses":31646,"minecraft:waystone_activated":1,"lootr:looted_stat":23,"minecraft:sprint_one_cm":111756,"minecraft:damage_taken":635,"minecraft:walk_one_cm":95449,"minecraft:mob_kills":5,"minecraft:drop":4,"minecraft:damage_dealt":1653,"enigmaticlegacy:play_time_without_seven_curses":4350,"minecraft:swim_one_cm":448,"minecraft:talked_to_villager":5,"minecraft:interact_with_crafting_table":1,"minecraft:tune_noteblock":2,"minecraft:fly_one_cm":113352,"minecraft:open_chest":4,"minecraft:crouch_one_cm":1098,"minecraft:play_time":36021,"minecraft:deaths":1,"minecraft:sneak_time":1187,"minecraft:walk_under_water_one_cm":9793,"minecraft:jump":429,"minecraft:damage_dealt_resisted":0,"minecraft:leave_game":1,"minecraft:walk_on_water_one_cm":3566,"minecraft:time_since_death":10808,"minecraft:interact_with_smoker":1,"minecraft:total_world_time":36021,"minecraft:climb_one_cm":3619,"minecraft:fall_one_cm":11951},"minecraft:dropped":{"minecraft:stone_sword":1,"minecraft:rotten_flesh":2,"majruszsdifficulty:tattered_leggings":1},"minecraft:crafted":{"minecraft:crafting_table":1,"minecraft:acacia_planks":4,"minecraft:bucket":1},"minecraft:used":{"minecraft:water_bucket":4,"minecraft:bread":9,"minecraft:iron_sword":67,"minecraft:crafting_table":1,"minecraft:carrot":1,"minecraft:bucket":4}},"DataVersion":3120}