{"stats":{"minecraft:killed":{"minecraft:parrot":1,"minecraft:pig":6,"aquamirae:maw":1,"minecraft:spider":1,"minecraft:vindicator":1,"enemyexpansion:equestrian":2,"minecraft:iron_golem":2,"mutantmonsters:mutant_skeleton":1,"enemyexpansion:goblin_fear":5,"minecraft:creeper":3,"minecraft:phantom":1,"minecraft:skeleton":3,"minecraft:pillager":4,"enemyexpansion:meature":1,"minecraft:zombie":20,"undead_unleashed:shadewraith":1,"irons_spellbooks:apothecarist":1,"enemyexpansion:botfly":5,"minecraft:drowned":1,"undead_unleashed:haunter":1,"enemyexpansion:goblin":1,"enemyexpansion:slugger":1},"minecraft:picked_up":{"minecraft:crafting_table":1,"byg:soapstone":1,"minecraft:basalt":2,"minecraft:brown_bed":1,"minecraft:potato":1,"minecraft:birch_planks":6,"minecraft:stone_brick_stairs":4,"minecraft:golden_boots":1,"minecraft:gunpowder":25,"minecraft:cobblestone_wall":6,"mutantmonsters:mutant_skeleton_limb":6,"minecraft:string":1,"minecraft:dirt":5,"minecraft:lantern":1,"mutantmonsters:mutant_skeleton_skull":1,"minecraft:iron_axe":1,"minecraft:name_tag":1,"minecraft:item_frame":1,"minecraft:bone":4,"minecraft:experience_bottle":1,"farmersdelight:iron_knife":1,"minecraft:wheat_seeds":8,"minecraft:spruce_planks":2,"minecraft:iron_ingot":6,"minecraft:spruce_slab":2,"apotheosis:gem_dust":1,"minecraft:iron_sword":1,"minecraft:book":27,"minecraft:golden_helmet":1,"apotheosis:gem":28,"minecraft:green_bed":1,"vinery:white_grape":2,"minecraft:porkchop":13,"undead_unleashed:grave_metal_scrap":6,"sophisticatedbackpacks:iron_backpack":1,"majruszsaccessories:adventurer_kit":1,"minecraft:carrot":17,"origins:orb_of_origin":1,"minecraft:slime_ball":4,"quark:ancient_tome":1,"minecraft:tnt":6,"minecraft:stripped_acacia_log":1,"minecraft:rotten_flesh":34,"minecraft:arrow":31,"mutantmonsters:mutant_skeleton_rib":3,"minecraft:emerald":7,"mutantmonsters:mutant_skeleton_shoulder_pad":2,"cisco_mod:brightsteel_ingot":1,"forbidden_arcanus:spawner_scrap":1,"minecraft:coal":37,"minecraft:cobblestone":8},"minecraft:mined":{"minecraft:spruce_planks":1,"supplementaries:book_pile":1,"minecraft:basalt":2,"minecraft:grass_block":4,"minecraft:spawner":1,"minecraft:birch_planks":5,"byg:soapstone":1,"byg:prairie_grass":4,"minecraft:birch_leaves":2,"minecraft:tnt":6,"minecraft:brown_bed":1,"minecraft:grass":2,"minecraft:bookshelf":4,"minecraft:coal_ore":32,"minecraft:dirt_path":1,"minecraft:stripped_acacia_log":1,"minecraft:cobweb":2,"minecraft:stone":8,"byg:tall_prairie_grass":2,"minecraft:green_bed":1},"minecraft:killed_by":{"minecraft:vindicator":2,"undead_unleashed:haunter":1,"mutantmonsters:mutant_skeleton":8,"minecraft:skeleton":2,"enemyexpansion:botfly":1,"minecraft:phantom":1,"minecraft:zombie":5,"humancompanions:archer":1,"minecraft:pillager":2,"minecraft:enderman":1,"minecraft:iron_golem":2,"enemyexpansion:huntsman":1},"minecraft:custom":{"enigmaticlegacy:play_time_with_seven_curses":154530,"lootr:looted_stat":63,"minecraft:mob_kills":66,"enigmaticlegacy:play_time_without_seven_curses":4350,"minecraft:interact_with_crafting_table":5,"minecraft:tune_noteblock":2,"minecraft:open_barrel":3,"minecraft:damage_dealt_resisted":0,"minecraft:leave_game":2,"minecraft:time_since_death":1230,"minecraft:sleep_in_bed":2,"minecraft:damage_resisted":0,"minecraft:climb_one_cm":15052,"minecraft:time_since_rest":1262,"minecraft:waystone_activated":3,"minecraft:damage_absorbed":44,"minecraft:sprint_one_cm":451582,"minecraft:damage_taken":10075,"minecraft:walk_one_cm":365844,"minecraft:drop":31,"minecraft:damage_dealt":3141,"minecraft:swim_one_cm":25738,"minecraft:damage_dealt_absorbed":80,"minecraft:talked_to_villager":6,"minecraft:fly_one_cm":684777,"minecraft:open_chest":7,"minecraft:crouch_one_cm":3266,"minecraft:play_time":159652,"minecraft:deaths":30,"minecraft:sneak_time":3490,"minecraft:walk_under_water_one_cm":20905,"minecraft:jump":2732,"minecraft:walk_on_water_one_cm":37188,"minecraft:total_world_time":159652,"minecraft:interact_with_smoker":1,"minecraft:fall_one_cm":74725,"minecraft:inspect_dispenser":1},"minecraft:dropped":{"minecraft:golden_boots":1,"minecraft:birch_planks":1,"minecraft:porkchop":6,"minecraft:wheat_seeds":8,"minecraft:stone_sword":1,"minecraft:cobblestone_wall":6,"majruszsaccessories:adventurer_kit":1,"minecraft:rotten_flesh":8,"minecraft:name_tag":2,"byg:soapstone":1,"apotheosis:gem":2,"minecraft:slime_ball":4,"minecraft:arrow":1,"majruszsdifficulty:tattered_leggings":1},"minecraft:broken":{"majruszsdifficulty:tattered_boots":1},"minecraft:crafted":{"minecraft:crafting_table":2,"sophisticatedbackpacks:gold_backpack":1,"minecraft:bucket":1,"minecraft:acacia_planks":4},"minecraft:used":{"quark:ancient_tome":2,"minecraft:water_bucket":6,"minecraft:birch_planks":5,"minecraft:spruce_planks":1,"minecraft:iron_sword":197,"minecraft:green_bed":1,"minecraft:rotten_flesh":2,"minecraft:iron_chestplate":5,"minecraft:dirt":5,"minecraft:tnt":3,"minecraft:crafting_table":2,"minecraft:carrot":18,"majruszsdifficulty:tattered_boots":5,"minecraft:apple":8,"minecraft:iron_axe":17,"minecraft:lantern":1,"minecraft:bread":20,"minecraft:iron_pickaxe":44,"minecraft:iron_helmet":5,"minecraft:basalt":2,"minecraft:item_frame":1,"minecraft:bucket":7,"minecraft:iron_leggings":5}},"DataVersion":3120}