{"stats":{"minecraft:killed":{"aquamirae:maw":1,"minecraft:pig":6,"minecraft:spider":1,"enemyexpansion:equestrian":2,"minecraft:vindicator":1,"minecraft:iron_golem":1,"mutantmonsters:mutant_skeleton":1,"enemyexpansion:goblin_fear":5,"minecraft:creeper":3,"minecraft:phantom":1,"minecraft:skeleton":3,"minecraft:pillager":4,"enemyexpansion:meature":1,"minecraft:zombie":17,"irons_spellbooks:apothecarist":1,"undead_unleashed:shadewraith":1,"enemyexpansion:botfly":5,"enemyexpansion:goblin":1,"enemyexpansion:slugger":1},"minecraft:picked_up":{"minecraft:crafting_table":1,"byg:soapstone":1,"minecraft:potato":1,"minecraft:stone_brick_stairs":4,"minecraft:cobblestone_wall":6,"minecraft:golden_boots":1,"minecraft:gunpowder":25,"mutantmonsters:mutant_skeleton_limb":6,"minecraft:string":1,"minecraft:dirt":2,"minecraft:lantern":1,"mutantmonsters:mutant_skeleton_skull":1,"minecraft:iron_axe":1,"minecraft:item_frame":1,"minecraft:name_tag":1,"minecraft:experience_bottle":1,"minecraft:bone":4,"farmersdelight:iron_knife":1,"minecraft:wheat_seeds":2,"minecraft:spruce_planks":1,"minecraft:iron_ingot":3,"minecraft:spruce_slab":2,"apotheosis:gem_dust":1,"minecraft:iron_sword":1,"minecraft:book":24,"minecraft:golden_helmet":1,"apotheosis:gem":20,"vinery:white_grape":2,"minecraft:porkchop":13,"undead_unleashed:grave_metal_scrap":6,"sophisticatedbackpacks:iron_backpack":1,"minecraft:carrot":17,"origins:orb_of_origin":1,"quark:ancient_tome":1,"minecraft:tnt":4,"minecraft:stripped_acacia_log":1,"minecraft:arrow":31,"minecraft:rotten_flesh":27,"mutantmonsters:mutant_skeleton_rib":3,"minecraft:emerald":7,"mutantmonsters:mutant_skeleton_shoulder_pad":2,"minecraft:coal":37,"minecraft:cobblestone":8},"minecraft:mined":{"supplementaries:book_pile":1,"minecraft:grass_block":1,"byg:soapstone":1,"byg:prairie_grass":4,"minecraft:birch_leaves":2,"minecraft:tnt":4,"minecraft:grass":1,"minecraft:bookshelf":3,"minecraft:coal_ore":32,"minecraft:dirt_path":1,"minecraft:stripped_acacia_log":1,"minecraft:cobweb":2,"minecraft:stone":8,"byg:tall_prairie_grass":1},"minecraft:killed_by":{"minecraft:vindicator":2,"mutantmonsters:mutant_skeleton":8,"enemyexpansion:botfly":1,"minecraft:zombie":1,"humancompanions:archer":1,"minecraft:pillager":2,"minecraft:iron_golem":1,"enemyexpansion:huntsman":1},"minecraft:custom":{"enigmaticlegacy:play_time_with_seven_curses":121150,"lootr:looted_stat":45,"minecraft:mob_kills":59,"enigmaticlegacy:play_time_without_seven_curses":4350,"minecraft:tune_noteblock":2,"minecraft:interact_with_crafting_table":5,"minecraft:open_barrel":3,"minecraft:damage_dealt_resisted":0,"minecraft:leave_game":1,"minecraft:time_since_death":36572,"minecraft:sleep_in_bed":1,"minecraft:climb_one_cm":13050,"minecraft:damage_resisted":0,"minecraft:time_since_rest":13715,"minecraft:waystone_activated":2,"minecraft:sprint_one_cm":347349,"minecraft:damage_taken":6861,"minecraft:walk_one_cm":301655,"minecraft:drop":20,"minecraft:damage_dealt":2430,"minecraft:damage_dealt_absorbed":80,"minecraft:swim_one_cm":11334,"minecraft:talked_to_villager":5,"minecraft:fly_one_cm":483222,"minecraft:open_chest":7,"minecraft:crouch_one_cm":3021,"minecraft:play_time":126021,"minecraft:deaths":20,"minecraft:sneak_time":2988,"minecraft:walk_under_water_one_cm":13564,"minecraft:jump":1927,"minecraft:walk_on_water_one_cm":17224,"minecraft:total_world_time":126021,"minecraft:interact_with_smoker":1,"minecraft:fall_one_cm":51365},"minecraft:dropped":{"minecraft:golden_boots":1,"minecraft:porkchop":6,"minecraft:wheat_seeds":2,"minecraft:stone_sword":1,"minecraft:cobblestone_wall":6,"minecraft:rotten_flesh":3,"minecraft:name_tag":2,"byg:soapstone":1,"apotheosis:gem":2,"minecraft:arrow":1,"majruszsdifficulty:tattered_leggings":1},"minecraft:broken":{"majruszsdifficulty:tattered_boots":1},"minecraft:crafted":{"minecraft:crafting_table":2,"sophisticatedbackpacks:gold_backpack":1,"minecraft:bucket":1,"minecraft:acacia_planks":4},"minecraft:used":{"quark:ancient_tome":2,"minecraft:water_bucket":6,"minecraft:iron_sword":109,"minecraft:rotten_flesh":2,"minecraft:dirt":2,"minecraft:tnt":1,"minecraft:crafting_table":2,"minecraft:carrot":18,"minecraft:apple":8,"minecraft:lantern":1,"minecraft:iron_pickaxe":41,"minecraft:iron_axe":9,"minecraft:bread":11,"minecraft:item_frame":1,"minecraft:bucket":7}},"DataVersion":3120}