{"stats":{"minecraft:killed":{"minecraft:parrot":1,"aquamirae:maw":1,"minecraft:pig":6,"minecraft:spider":1,"enemyexpansion:equestrian":2,"minecraft:vindicator":1,"minecraft:iron_golem":1,"mutantmonsters:mutant_skeleton":1,"enemyexpansion:goblin_fear":5,"minecraft:creeper":3,"minecraft:phantom":1,"minecraft:skeleton":3,"minecraft:pillager":4,"enemyexpansion:meature":1,"minecraft:zombie":17,"irons_spellbooks:apothecarist":1,"undead_unleashed:shadewraith":1,"enemyexpansion:botfly":5,"minecraft:drowned":1,"undead_unleashed:haunter":1,"enemyexpansion:goblin":1,"enemyexpansion:slugger":1},"minecraft:picked_up":{"minecraft:crafting_table":1,"byg:soapstone":1,"minecraft:potato":1,"minecraft:birch_planks":6,"minecraft:stone_brick_stairs":4,"minecraft:cobblestone_wall":6,"minecraft:golden_boots":1,"minecraft:gunpowder":25,"mutantmonsters:mutant_skeleton_limb":6,"minecraft:string":1,"minecraft:dirt":2,"minecraft:lantern":1,"mutantmonsters:mutant_skeleton_skull":1,"minecraft:iron_axe":1,"minecraft:item_frame":1,"minecraft:name_tag":1,"minecraft:experience_bottle":1,"minecraft:bone":4,"farmersdelight:iron_knife":1,"minecraft:wheat_seeds":2,"minecraft:spruce_planks":2,"minecraft:iron_ingot":3,"minecraft:spruce_slab":2,"apotheosis:gem_dust":1,"minecraft:iron_sword":1,"minecraft:book":24,"minecraft:golden_helmet":1,"apotheosis:gem":20,"minecraft:green_bed":1,"vinery:white_grape":2,"minecraft:porkchop":13,"undead_unleashed:grave_metal_scrap":6,"sophisticatedbackpacks:iron_backpack":1,"minecraft:carrot":17,"origins:orb_of_origin":1,"quark:ancient_tome":1,"minecraft:tnt":4,"minecraft:stripped_acacia_log":1,"minecraft:arrow":31,"minecraft:rotten_flesh":29,"mutantmonsters:mutant_skeleton_rib":3,"minecraft:emerald":7,"mutantmonsters:mutant_skeleton_shoulder_pad":2,"cisco_mod:brightsteel_ingot":1,"forbidden_arcanus:spawner_scrap":1,"minecraft:coal":37,"minecraft:cobblestone":8},"minecraft:mined":{"minecraft:spruce_planks":1,"supplementaries:book_pile":1,"minecraft:grass_block":1,"minecraft:spawner":1,"minecraft:birch_planks":5,"byg:soapstone":1,"byg:prairie_grass":4,"minecraft:birch_leaves":2,"minecraft:tnt":4,"minecraft:grass":1,"minecraft:bookshelf":3,"minecraft:coal_ore":32,"minecraft:dirt_path":1,"minecraft:stripped_acacia_log":1,"minecraft:cobweb":2,"minecraft:stone":8,"minecraft:green_bed":1,"byg:tall_prairie_grass":1},"minecraft:killed_by":{"minecraft:vindicator":2,"undead_unleashed:haunter":1,"mutantmonsters:mutant_skeleton":8,"enemyexpansion:botfly":1,"minecraft:zombie":5,"humancompanions:archer":1,"minecraft:pillager":2,"minecraft:iron_golem":1,"enemyexpansion:huntsman":1},"minecraft:custom":{"enigmaticlegacy:play_time_with_seven_curses":131569,"lootr:looted_stat":53,"minecraft:mob_kills":62,"enigmaticlegacy:play_time_without_seven_curses":4350,"minecraft:tune_noteblock":2,"minecraft:interact_with_crafting_table":5,"minecraft:open_barrel":3,"minecraft:damage_dealt_resisted":0,"minecraft:leave_game":2,"minecraft:time_since_death":2235,"minecraft:sleep_in_bed":1,"minecraft:climb_one_cm":13078,"minecraft:damage_resisted":0,"minecraft:time_since_rest":2262,"minecraft:damage_absorbed":44,"minecraft:waystone_activated":2,"minecraft:sprint_one_cm":362880,"minecraft:damage_taken":8704,"minecraft:walk_one_cm":324331,"minecraft:drop":21,"minecraft:damage_dealt":3027,"minecraft:damage_dealt_absorbed":80,"minecraft:swim_one_cm":15992,"minecraft:talked_to_villager":5,"minecraft:fly_one_cm":513439,"minecraft:open_chest":7,"minecraft:crouch_one_cm":3250,"minecraft:play_time":136565,"minecraft:deaths":25,"minecraft:sneak_time":3200,"minecraft:walk_under_water_one_cm":19972,"minecraft:jump":2064,"minecraft:walk_on_water_one_cm":25011,"minecraft:total_world_time":136565,"minecraft:interact_with_smoker":1,"minecraft:inspect_dispenser":1,"minecraft:fall_one_cm":54041},"minecraft:dropped":{"minecraft:golden_boots":1,"minecraft:birch_planks":1,"minecraft:porkchop":6,"minecraft:wheat_seeds":2,"minecraft:stone_sword":1,"minecraft:cobblestone_wall":6,"minecraft:rotten_flesh":3,"minecraft:name_tag":2,"byg:soapstone":1,"apotheosis:gem":2,"minecraft:arrow":1,"majruszsdifficulty:tattered_leggings":1},"minecraft:broken":{"majruszsdifficulty:tattered_boots":1},"minecraft:crafted":{"minecraft:crafting_table":2,"sophisticatedbackpacks:gold_backpack":1,"minecraft:bucket":1,"minecraft:acacia_planks":4},"minecraft:used":{"quark:ancient_tome":2,"minecraft:water_bucket":6,"minecraft:birch_planks":5,"minecraft:spruce_planks":1,"minecraft:iron_sword":197,"minecraft:iron_chestplate":3,"minecraft:green_bed":1,"minecraft:rotten_flesh":2,"minecraft:dirt":2,"minecraft:tnt":1,"minecraft:crafting_table":2,"minecraft:carrot":18,"majruszsdifficulty:tattered_boots":3,"minecraft:apple":8,"minecraft:lantern":1,"minecraft:iron_pickaxe":42,"minecraft:iron_axe":17,"minecraft:bread":12,"minecraft:iron_helmet":3,"minecraft:item_frame":1,"minecraft:bucket":7,"minecraft:iron_leggings":3}},"DataVersion":3120}