{"stats":{"minecraft:custom":{"minecraft:time_since_rest":22395,"enigmaticlegacy:play_time_with_seven_curses":0,"minecraft:sprint_one_cm":12342,"minecraft:damage_taken":137,"minecraft:walk_one_cm":72762,"minecraft:mob_kills":2,"minecraft:damage_dealt":610,"enigmaticlegacy:play_time_without_seven_curses":22395,"minecraft:interact_with_crafting_table":7,"minecraft:fly_one_cm":3643,"minecraft:crouch_one_cm":856,"minecraft:play_time":22395,"minecraft:sneak_time":637,"minecraft:jump":198,"minecraft:leave_game":2,"minecraft:time_since_death":22395,"minecraft:total_world_time":22395,"minecraft:climb_one_cm":457,"minecraft:fall_one_cm":1091},"minecraft:broken":{"minecraft:wooden_axe":1},"minecraft:killed":{"enemyexpansion:meature":1,"minecraft:spider":1},"minecraft:picked_up":{"minecraft:birch_log":85,"minecraft:stick":1,"minecraft:crafting_table":4,"minecraft:oak_log":3,"undead_unleashed:grave_metal_scrap":2,"minecraft:spider_eye":1,"minecraft:dirt":12,"minecraft:bone":7,"minecraft:rotten_flesh":5,"minecraft:apple":1,"minecraft:gold_nugget":3,"delightful:acorn":1,"minecraft:gold_ingot":1,"twigs:twig":5,"minecraft:birch_sapling":20},"minecraft:crafted":{"minecraft:crafting_table":1,"minecraft:stick":4,"minecraft:wooden_axe":1,"immersive_armors:wooden_helmet":1,"minecraft:birch_planks":252,"immersive_armors:wooden_chestplate":1},"minecraft:mined":{"minecraft:birch_log":82,"minecraft:birch_leaves":5,"minecraft:crafting_table":4,"minecraft:grass":2,"undead_unleashed:grave_soil":3,"minecraft:oak_log":1,"minecraft:dead_bush":1,"minecraft:oak_leaves":2},"minecraft:used":{"minecraft:wooden_axe":87,"minecraft:apple":1,"minecraft:crafting_table":4,"immersive_armors:wooden_leggings":1}},"DataVersion":3120}