{"stats":{"minecraft:dropped":{"minecraft:iron_ingot":2,"minecraft:glass_bottle":1,"minecraft:dripstone_block":3,"minecraft:cooked_porkchop":1,"minecraft:cobblestone":24,"minecraft:cracked_stone_bricks":5,"minecraft:coal":4,"minecraft:stick":3,"minecraft:polished_andesite":4,"farmersdelight:golden_knife":1,"immersive_armors:wooden_leggings":1,"savage_and_ravage:creeper_spores":1,"supplementaries:wrench":1,"forbidden_arcanus:spawner_scrap":7,"minecraft:chainmail_leggings":1,"irons_spellbooks:frozen_bone":6,"twigs:twig":5,"iter_rpg:potsherd":3,"minecraft:bone":2,"minecraft:stone_sword":4,"immersive_armors:wooden_boots":1,"majruszsaccessories:miner_guide":1,"minecraft:rotten_flesh":7,"iter_rpg:spawner_fragment":3,"minecraft:chainmail_chestplate":2,"minecraft:chiseled_stone_bricks":2,"minecraft:leather_chestplate":1,"supplementaries:ash":4,"minecraft:tipped_arrow":2,"minecraft:shield":2,"minecraft:spruce_planks":3,"minecraft:andesite":9,"apotheosis:gem":1,"minecraft:stone_brick_wall":1,"minecraft:leather_boots":6,"minecraft:leather_leggings":1,"minecraft:stone_bricks":2,"minecraft:spruce_log":4,"minecraft:iron_bars":3,"minecraft:stone_pickaxe":1,"minecraft:stone_brick_stairs":1,"immersive_armors:wooden_helmet":1},"minecraft:custom":{"enigmaticlegacy:play_time_with_seven_curses":0,"lootr:looted_stat":19,"minecraft:mob_kills":47,"minecraft:interact_with_crafting_table":15,"minecraft:damage_dealt_resisted":148,"minecraft:eat_cake_slice":2,"minecraft:leave_game":2,"minecraft:time_since_death":33690,"minecraft:climb_one_cm":1965,"minecraft:damage_resisted":0,"minecraft:sprint_one_cm":321440,"minecraft:walk_one_cm":430758,"minecraft:damage_blocked_by_shield":50,"minecraft:drop":69,"minecraft:damage_dealt_absorbed":243,"minecraft:play_time":94395,"minecraft:deaths":7,"minecraft:sneak_time":4504,"minecraft:walk_under_water_one_cm":590,"minecraft:jump":819,"minecraft:walk_on_water_one_cm":1250,"minecraft:total_world_time":94395,"minecraft:interact_with_furnace":5,"enigmaticlegacy:play_time_without_seven_curses":94219,"minecraft:time_since_rest":33714,"minecraft:waystone_activated":2,"minecraft:damage_taken":6360,"minecraft:damage_absorbed":120,"minecraft:damage_dealt":17110,"minecraft:fly_one_cm":58501,"minecraft:open_chest":3,"minecraft:crouch_one_cm":18226,"minecraft:fall_one_cm":19791},"minecraft:broken":{"minecraft:leather_helmet":1,"minecraft:wooden_sword":1,"minecraft:wooden_axe":2,"aether:leather_gloves":1},"minecraft:killed":{"minecraft:cave_spider":1,"minecraft:spider":10,"enemyexpansion:direwolf":1,"minecraft:skeleton":5,"enemyexpansion:goblin":1,"whisperwoods:hidebehind":1,"minecraft:pig":4,"majruszsdifficulty:cursed_armor":10,"minecraft:creeper":1,"enemyexpansion:crawler":1,"minecraft:pillager":1,"enemyexpansion:meature":2,"minecraft:zombie":5,"minecraft:stray":3,"minecraft:enderman":2},"minecraft:killed_by":{"minecraft:player":1,"minecraft:creeper":1,"minecraft:spider":1,"minecraft:skeleton":3,"minecraft:zombie":1},"minecraft:picked_up":{"iter_rpg:spawner_fragment":7,"minecraft:crafting_table":7,"minecraft:leather_leggings":1,"minecraft:stone_brick_wall":1,"minecraft:stone_brick_stairs":1,"minecraft:shield":3,"minecraft:string":15,"minecraft:netherite_scrap":1,"minecraft:cracked_stone_bricks":5,"minecraft:gold_nugget":3,"minecraft:spruce_planks":11,"delightful:acorn":1,"minecraft:iron_nugget":4,"minecraft:iron_pickaxe":7,"minecraft:birch_sapling":22,"farmersdelight:golden_knife":1,"minecraft:furnace":1,"minecraft:tipped_arrow":2,"minecraft:stick":1,"minecraft:raw_iron":99,"apotheosis:gem":4,"minecraft:copper_ingot":1,"minecraft:spruce_stairs":3,"minecraft:porkchop":4,"majruszsaccessories:adventurer_kit":1,"minecraft:stone_sword":5,"minecraft:arrow":12,"minecraft:rotten_flesh":7,"minecraft:gold_ingot":1,"supplementaries:ash":4,"minecraft:iron_bars":8,"forbidden_arcanus:spawner_scrap":17,"minecraft:cobblestone":38,"minecraft:birch_log":93,"minecraft:leather_chestplate":1,"minecraft:andesite":9,"minecraft:birch_planks":5,"savage_and_ravage:creeper_spores":5,"minecraft:oak_log":3,"minecraft:chainmail_chestplate":1,"minecraft:gunpowder":4,"minecraft:dirt":22,"minecraft:leather_boots":7,"minecraft:bone":7,"majruszsaccessories:miner_guide":1,"minecraft:apple":1,"minecraft:stone_bricks":2,"iter_rpg:potsherd":6,"minecraft:iron_ingot":1,"minecraft:stone_pickaxe":1,"minecraft:mossy_stone_bricks":1,"twigs:twig":5,"minecraft:mossy_stone_brick_stairs":2,"minecraft:cooked_porkchop":5,"minecraft:chiseled_stone_bricks":3,"minecraft:dripstone_block":3,"undead_unleashed:grave_metal_scrap":5,"minecraft:spruce_log":25,"minecraft:spider_eye":5,"minecraft:leather_helmet":1,"forbidden_arcanus:ender_pearl_fragment":3,"minecraft:polished_andesite":15,"minecraft:golden_apple":1,"minecraft:coal":30,"minecraft:ender_pearl":1},"minecraft:used":{"minecraft:iron_bars":5,"minecraft:stone_sword":59,"minecraft:iron_shovel":3,"minecraft:spruce_planks":44,"minecraft:shield":1,"minecraft:iron_sword":124,"minecraft:cooked_chicken":3,"minecraft:carrot":10,"minecraft:wooden_axe":122,"immersive_armors:wooden_chestplate":1,"minecraft:cooked_beef":1,"minecraft:mossy_stone_bricks":1,"minecraft:birch_planks":11,"minecraft:stone_pickaxe":90,"minecraft:polished_andesite":3,"minecraft:baked_potato":1,"minecraft:wooden_pickaxe":15,"minecraft:mossy_stone_brick_stairs":2,"minecraft:golden_apple":3,"minecraft:crafting_table":6,"minecraft:spruce_log":11,"sophisticatedbackpacks:backpack":1,"minecraft:apple":4,"savage_and_ravage:creeper_spores":1,"minecraft:bread":4,"minecraft:iron_pickaxe":56,"minecraft:leather_helmet":1,"minecraft:stone_axe":4,"minecraft:wooden_sword":90,"minecraft:cobblestone":8,"minecraft:potion":1,"minecraft:chainmail_boots":1,"minecraft:cooked_porkchop":4,"minecraft:porkchop":4,"alexsmobs:animal_dictionary":1,"immersive_armors:wooden_leggings":1,"delightful:acorn":1,"minecraft:chainmail_leggings":1},"minecraft:mined":{"minecraft:spruce_planks":5,"minecraft:grass_block":1,"minecraft:stone_brick_wall":1,"farmersdelight:tomatoes":1,"iter_rpg:big_vase":1,"minecraft:spawner":11,"minecraft:furnace":1,"iter_rpg:small_vase":2,"minecraft:iron_ore":52,"minecraft:andesite":4,"minecraft:mossy_stone_brick_stairs":2,"minecraft:iron_bars":4,"minecraft:stone":35,"minecraft:crafting_table":7,"undead_unleashed:grave_soil":3,"iter_rpg:vase":2,"minecraft:polished_andesite_stairs":1,"minecraft:dead_bush":1,"minecraft:cobblestone":1,"supplementaries:urn":1,"minecraft:birch_planks":5,"minecraft:birch_log":90,"minecraft:spruce_log":2,"minecraft:birch_leaves":7,"minecraft:stone_brick_stairs":1,"minecraft:grass":2,"minecraft:oak_log":1,"minecraft:coal_ore":31,"minecraft:dripstone_block":3,"minecraft:dirt":2,"minecraft:cracked_stone_bricks":2,"minecraft:polished_andesite":4,"minecraft:mossy_stone_bricks":1,"minecraft:oak_leaves":5},"minecraft:crafted":{"minecraft:wooden_sword":1,"immersive_armors:wooden_chestplate":1,"immersive_armors:wooden_helmet":1,"minecraft:crafting_table":1,"minecraft:spruce_planks":40,"minecraft:wooden_pickaxe":1,"minecraft:birch_planks":252,"minecraft:stick":8,"minecraft:wooden_axe":2}},"DataVersion":3120}