{"stats":{"minecraft:custom":{"minecraft:time_since_rest":10395,"enigmaticlegacy:play_time_with_seven_curses":0,"minecraft:crouch_one_cm":469,"minecraft:play_time":10395,"minecraft:sprint_one_cm":2310,"minecraft:walk_one_cm":19110,"minecraft:sneak_time":457,"minecraft:jump":53,"minecraft:leave_game":2,"minecraft:time_since_death":10395,"enigmaticlegacy:play_time_without_seven_curses":10395,"minecraft:total_world_time":10395,"minecraft:interact_with_crafting_table":1,"minecraft:fly_one_cm":1291},"minecraft:picked_up":{"minecraft:birch_log":21,"minecraft:crafting_table":1,"twigs:twig":2,"minecraft:birch_sapling":6},"minecraft:crafted":{"minecraft:birch_planks":24,"minecraft:crafting_table":1,"minecraft:stick":4},"minecraft:used":{"minecraft:wooden_axe":19,"minecraft:crafting_table":1},"minecraft:mined":{"minecraft:grass":2,"minecraft:birch_log":24,"minecraft:birch_leaves":2,"minecraft:crafting_table":1}},"DataVersion":3120}