{"stats":{"minecraft:dropped":{"minecraft:iron_ingot":2,"minecraft:wheat_seeds":3,"minecraft:glass_bottle":1,"minecraft:dripstone_block":3,"minecraft:cooked_porkchop":1,"minecraft:lead":1,"minecraft:cobblestone":24,"majruszsdifficulty:soul_jar":1,"enigmaticlegacy:unholy_grail":1,"minecraft:cracked_stone_bricks":5,"undead_unleashed:grave_metal_scrap":19,"minecraft:coal":4,"minecraft:stick":3,"minecraft:polished_andesite":5,"minecraft:dirt":52,"origins:orb_of_origin":1,"minecraft:orange_carpet":1,"farmersdelight:golden_knife":1,"minecraft:diorite":1,"immersive_armors:wooden_leggings":2,"savage_and_ravage:creeper_spores":1,"supplementaries:wrench":1,"forbidden_arcanus:spawner_scrap":7,"minecraft:wooden_sword":4,"immersive_armors:wooden_chestplate":1,"minecraft:iron_shovel":1,"minecraft:chainmail_leggings":1,"minecraft:string":2,"minecraft:blue_carpet":2,"irons_spellbooks:frozen_bone":7,"twigs:twig":5,"iter_rpg:potsherd":3,"minecraft:bone":20,"minecraft:stone_sword":5,"minecraft:bowl":11,"minecraft:deepslate":1,"immersive_armors:wooden_boots":2,"majruszsaccessories:miner_guide":1,"minecraft:rotten_flesh":67,"iter_rpg:spawner_fragment":3,"minecraft:chainmail_chestplate":2,"minecraft:stone":29,"minecraft:chiseled_stone_bricks":2,"minecraft:leather_chestplate":1,"supplementaries:ash":4,"minecraft:tipped_arrow":2,"minecraft:shield":4,"minecraft:spruce_planks":3,"minecraft:andesite":9,"apotheosis:gem":3,"minecraft:stone_brick_wall":1,"minecraft:leather_boots":6,"minecraft:leather_leggings":1,"minecraft:stone_bricks":2,"minecraft:spruce_log":4,"minecraft:iron_bars":3,"minecraft:arrow":5,"minecraft:stone_pickaxe":1,"minecraft:stone_brick_stairs":1,"immersive_armors:wooden_helmet":2},"minecraft:custom":{"enigmaticlegacy:play_time_with_seven_curses":0,"lootr:looted_stat":19,"minecraft:mob_kills":107,"minecraft:interact_with_crafting_table":17,"minecraft:damage_dealt_resisted":148,"minecraft:eat_cake_slice":2,"minecraft:leave_game":2,"minecraft:time_since_death":57690,"minecraft:climb_one_cm":1965,"minecraft:damage_resisted":0,"minecraft:sprint_one_cm":395070,"minecraft:walk_one_cm":544757,"minecraft:damage_blocked_by_shield":150,"minecraft:drop":112,"minecraft:damage_dealt_absorbed":243,"minecraft:play_time":118395,"minecraft:deaths":7,"minecraft:sneak_time":4847,"minecraft:walk_under_water_one_cm":812,"minecraft:jump":1025,"minecraft:walk_on_water_one_cm":2049,"minecraft:total_world_time":118395,"minecraft:interact_with_furnace":5,"enigmaticlegacy:play_time_without_seven_curses":118219,"minecraft:time_since_rest":57714,"minecraft:waystone_activated":2,"minecraft:damage_taken":8463,"minecraft:damage_absorbed":120,"minecraft:damage_dealt":45030,"minecraft:swim_one_cm":3031,"minecraft:fly_one_cm":85733,"minecraft:open_chest":15,"minecraft:crouch_one_cm":19598,"minecraft:fall_one_cm":24618},"minecraft:broken":{"minecraft:leather_helmet":1,"minecraft:wooden_sword":1,"minecraft:iron_sword":1,"minecraft:wooden_axe":2,"aether:leather_gloves":1},"minecraft:killed":{"minecraft:cave_spider":1,"minecraft:spider":10,"enemyexpansion:direwolf":1,"minecraft:skeleton":15,"enemyexpansion:goblin":1,"whisperwoods:hidebehind":1,"minecraft:husk":10,"minecraft:pig":9,"majruszsdifficulty:tank":1,"majruszsdifficulty:cursed_armor":10,"minecraft:creeper":1,"enemyexpansion:crawler":1,"minecraft:pillager":1,"enemyexpansion:meature":2,"minecraft:zombie":32,"enemyexpansion:botfly":3,"minecraft:stray":5,"undead_unleashed:haunter":1,"minecraft:enderman":2},"minecraft:killed_by":{"minecraft:player":1,"minecraft:creeper":1,"minecraft:spider":1,"minecraft:skeleton":3,"minecraft:zombie":1},"minecraft:picked_up":{"iter_rpg:spawner_fragment":7,"minecraft:crafting_table":7,"minecraft:leather_leggings":1,"minecraft:stone_brick_wall":1,"minecraft:enchanted_book":4,"minecraft:stone_brick_stairs":1,"minecraft:shield":4,"minecraft:string":15,"minecraft:wooden_sword":3,"minecraft:netherite_scrap":2,"minecraft:cracked_stone_bricks":5,"minecraft:gold_nugget":3,"bosses_of_mass_destruction:soul_star":1,"minecraft:spruce_planks":11,"delightful:acorn":1,"minecraft:iron_nugget":4,"minecraft:iron_pickaxe":7,"minecraft:birch_sapling":22,"farmersdelight:golden_knife":1,"minecraft:furnace":1,"minecraft:tipped_arrow":2,"minecraft:stick":1,"minecraft:raw_iron":99,"apotheosis:gem":7,"minecraft:copper_ingot":1,"minecraft:torch":1,"minecraft:spruce_stairs":4,"minecraft:porkchop":4,"majruszsaccessories:adventurer_kit":1,"minecraft:blue_carpet":2,"enigmaticlegacy:unholy_grail":1,"minecraft:stone_sword":5,"minecraft:arrow":17,"minecraft:rotten_flesh":67,"majruszsdifficulty:soul_jar":1,"minecraft:gold_ingot":1,"supplementaries:ash":4,"cisco_mod:champion_coin":18,"minecraft:iron_bars":8,"forbidden_arcanus:spawner_scrap":17,"minecraft:cobblestone":38,"minecraft:birch_log":93,"minecraft:leather_chestplate":1,"minecraft:andesite":9,"minecraft:orange_carpet":2,"minecraft:birch_planks":5,"savage_and_ravage:creeper_spores":5,"minecraft:oak_log":3,"minecraft:chainmail_chestplate":1,"minecraft:gunpowder":4,"minecraft:dirt":62,"minecraft:leather_boots":7,"minecraft:bone":37,"majruszsaccessories:miner_guide":1,"minecraft:apple":1,"minecraft:stone_bricks":2,"minecraft:wheat_seeds":3,"iter_rpg:potsherd":6,"minecraft:iron_ingot":1,"minecraft:stone_pickaxe":1,"minecraft:mossy_stone_bricks":1,"twigs:twig":5,"apotheosis:gem_dust":6,"minecraft:mossy_stone_brick_stairs":2,"irons_spellbooks:frozen_bone":1,"minecraft:cooked_porkchop":11,"minecraft:chiseled_stone_bricks":3,"minecraft:dripstone_block":3,"undead_unleashed:grave_metal_scrap":24,"minecraft:spruce_log":25,"minecraft:spider_eye":5,"minecraft:leather_helmet":1,"forbidden_arcanus:ender_pearl_fragment":3,"minecraft:polished_andesite":15,"minecraft:golden_apple":1,"minecraft:coal":30,"minecraft:ender_pearl":1},"minecraft:used":{"minecraft:iron_bars":5,"minecraft:stone_sword":59,"minecraft:iron_shovel":6,"minecraft:spruce_planks":44,"minecraft:shield":3,"minecraft:iron_sword":335,"minecraft:cooked_chicken":3,"minecraft:torch":1,"gateways:gate_pearl":1,"minecraft:spruce_stairs":1,"minecraft:carrot":10,"minecraft:wooden_axe":122,"enigmaticlegacy:unholy_grail":1,"immersive_armors:wooden_chestplate":1,"minecraft:cooked_beef":1,"minecraft:mossy_stone_bricks":1,"minecraft:birch_planks":11,"minecraft:stone_pickaxe":90,"minecraft:polished_andesite":3,"minecraft:baked_potato":1,"minecraft:wooden_pickaxe":15,"minecraft:mossy_stone_brick_stairs":2,"minecraft:golden_apple":3,"minecraft:orange_carpet":1,"minecraft:crafting_table":6,"bosses_of_mass_destruction:soul_star":1,"minecraft:spruce_log":11,"majruszsdifficulty:undead_army_treasure_bag":1,"farmersdelight:ratatouille":11,"sophisticatedbackpacks:backpack":1,"minecraft:apple":4,"savage_and_ravage:creeper_spores":1,"minecraft:bread":4,"minecraft:iron_pickaxe":59,"minecraft:leather_helmet":1,"minecraft:stone_axe":5,"minecraft:wooden_sword":90,"minecraft:cobblestone":8,"minecraft:potion":1,"minecraft:chainmail_boots":1,"minecraft:cooked_porkchop":6,"minecraft:porkchop":4,"alexsmobs:animal_dictionary":1,"immersive_armors:wooden_leggings":1,"delightful:acorn":1,"minecraft:chainmail_leggings":1},"minecraft:mined":{"byg:clover_patch":1,"minecraft:spruce_planks":5,"minecraft:grass_block":2,"minecraft:stone_brick_wall":1,"farmersdelight:tomatoes":1,"iter_rpg:big_vase":1,"minecraft:spawner":11,"minecraft:furnace":1,"iter_rpg:small_vase":2,"minecraft:iron_ore":52,"minecraft:fire":2,"minecraft:andesite":4,"minecraft:mossy_stone_brick_stairs":2,"minecraft:iron_bars":4,"minecraft:stone":35,"minecraft:crafting_table":7,"undead_unleashed:grave_soil":3,"iter_rpg:vase":2,"minecraft:polished_andesite_stairs":1,"minecraft:dead_bush":1,"minecraft:cobblestone":1,"minecraft:orange_carpet":1,"supplementaries:urn":1,"minecraft:spruce_stairs":1,"minecraft:birch_planks":5,"minecraft:birch_log":90,"minecraft:spruce_log":2,"minecraft:birch_leaves":8,"minecraft:stone_brick_stairs":1,"minecraft:grass":4,"minecraft:oak_log":1,"minecraft:coal_ore":31,"minecraft:dripstone_block":3,"minecraft:dirt":3,"minecraft:cobweb":1,"minecraft:cracked_stone_bricks":2,"minecraft:polished_andesite":4,"minecraft:mossy_stone_bricks":1,"minecraft:oak_leaves":5},"minecraft:crafted":{"minecraft:wooden_sword":1,"immersive_armors:wooden_chestplate":1,"immersive_armors:wooden_helmet":1,"minecraft:crafting_table":1,"minecraft:spruce_planks":40,"minecraft:wooden_pickaxe":1,"minecraft:birch_planks":252,"minecraft:stick":8,"minecraft:wooden_axe":2}},"DataVersion":3120}