{"stats":{"minecraft:dropped":{"minecraft:glass_bottle":1},"minecraft:custom":{"minecraft:time_since_rest":34395,"lootr:looted_stat":2,"enigmaticlegacy:play_time_with_seven_curses":0,"minecraft:waystone_activated":2,"minecraft:interact_with_furnace":3,"minecraft:sprint_one_cm":22297,"minecraft:damage_taken":274,"minecraft:walk_one_cm":163334,"minecraft:mob_kills":7,"minecraft:drop":1,"minecraft:damage_dealt":1583,"enigmaticlegacy:play_time_without_seven_curses":34395,"minecraft:interact_with_crafting_table":14,"minecraft:fly_one_cm":6784,"minecraft:crouch_one_cm":6328,"minecraft:play_time":34395,"minecraft:sneak_time":1050,"minecraft:jump":308,"minecraft:leave_game":2,"minecraft:time_since_death":34395,"minecraft:total_world_time":34395,"minecraft:climb_one_cm":457,"minecraft:damage_resisted":0,"minecraft:fall_one_cm":3242},"minecraft:broken":{"minecraft:wooden_axe":2},"minecraft:killed":{"enemyexpansion:meature":1,"minecraft:pig":2,"minecraft:spider":2,"minecraft:creeper":1,"enemyexpansion:goblin":1},"minecraft:picked_up":{"minecraft:birch_log":93,"minecraft:stick":1,"minecraft:crafting_table":7,"minecraft:porkchop":4,"minecraft:oak_log":3,"undead_unleashed:grave_metal_scrap":2,"minecraft:string":2,"minecraft:spider_eye":2,"minecraft:dirt":12,"minecraft:stone_bricks":2,"minecraft:bone":7,"minecraft:rotten_flesh":5,"minecraft:apple":1,"minecraft:gold_nugget":3,"delightful:acorn":1,"minecraft:gold_ingot":1,"twigs:twig":5,"minecraft:birch_sapling":22,"forbidden_arcanus:spawner_scrap":1,"minecraft:iron_bars":1,"minecraft:furnace":1},"minecraft:crafted":{"minecraft:crafting_table":1,"minecraft:stick":8,"minecraft:wooden_axe":2,"immersive_armors:wooden_helmet":1,"minecraft:birch_planks":252,"immersive_armors:wooden_chestplate":1},"minecraft:mined":{"minecraft:furnace":1,"minecraft:birch_log":90,"minecraft:birch_leaves":7,"minecraft:crafting_table":7,"minecraft:grass":2,"undead_unleashed:grave_soil":3,"minecraft:oak_log":1,"minecraft:iron_bars":2,"minecraft:dead_bush":1,"minecraft:oak_leaves":5},"minecraft:used":{"minecraft:wooden_axe":107,"minecraft:apple":1,"minecraft:wooden_pickaxe":3,"minecraft:cooked_chicken":1,"minecraft:wooden_sword":6,"minecraft:potion":1,"minecraft:crafting_table":6,"minecraft:porkchop":4,"alexsmobs:animal_dictionary":1,"minecraft:cooked_beef":1,"immersive_armors:wooden_leggings":1,"delightful:acorn":1}},"DataVersion":3120}