{"stats":{"minecraft:dropped":{"minecraft:stone_sword":1,"minecraft:glass_bottle":1,"immersive_armors:wooden_boots":1,"supplementaries:ash":4,"immersive_armors:wooden_leggings":1,"minecraft:leather_boots":1,"forbidden_arcanus:spawner_scrap":1,"minecraft:stone_bricks":2,"minecraft:iron_bars":1,"minecraft:chainmail_leggings":1,"immersive_armors:wooden_helmet":1},"minecraft:custom":{"enigmaticlegacy:play_time_with_seven_curses":0,"minecraft:interact_with_furnace":4,"lootr:looted_stat":7,"minecraft:mob_kills":16,"enigmaticlegacy:play_time_without_seven_curses":46395,"minecraft:interact_with_crafting_table":14,"minecraft:damage_dealt_resisted":17,"minecraft:leave_game":2,"minecraft:time_since_death":46395,"minecraft:damage_resisted":0,"minecraft:climb_one_cm":457,"minecraft:time_since_rest":46395,"minecraft:waystone_activated":2,"minecraft:sprint_one_cm":52754,"minecraft:damage_taken":963,"minecraft:walk_one_cm":213623,"minecraft:damage_blocked_by_shield":50,"minecraft:drop":11,"minecraft:damage_dealt":4284,"minecraft:fly_one_cm":9291,"minecraft:open_chest":2,"minecraft:crouch_one_cm":9900,"minecraft:play_time":46395,"minecraft:sneak_time":2102,"minecraft:jump":358,"minecraft:total_world_time":46395,"minecraft:fall_one_cm":3577},"minecraft:broken":{"minecraft:wooden_axe":2},"minecraft:killed":{"minecraft:pig":2,"minecraft:spider":4,"majruszsdifficulty:cursed_armor":1,"minecraft:creeper":1,"minecraft:skeleton":4,"enemyexpansion:meature":1,"minecraft:zombie":2,"enemyexpansion:goblin":1},"minecraft:picked_up":{"iter_rpg:spawner_fragment":2,"minecraft:birch_log":93,"minecraft:crafting_table":7,"minecraft:birch_planks":5,"minecraft:oak_log":3,"minecraft:shield":1,"minecraft:dirt":12,"minecraft:string":4,"minecraft:leather_boots":1,"minecraft:bone":7,"minecraft:apple":1,"minecraft:stone_bricks":2,"minecraft:gold_nugget":3,"delightful:acorn":1,"minecraft:spruce_planks":4,"twigs:twig":5,"minecraft:birch_sapling":22,"minecraft:furnace":1,"apotheosis:gem":1,"minecraft:raw_iron":10,"minecraft:stick":1,"minecraft:porkchop":4,"undead_unleashed:grave_metal_scrap":5,"minecraft:spider_eye":3,"minecraft:polished_andesite":1,"minecraft:stone_sword":1,"minecraft:arrow":6,"minecraft:rotten_flesh":5,"supplementaries:ash":4,"minecraft:gold_ingot":1,"minecraft:coal":2,"minecraft:iron_bars":1,"forbidden_arcanus:spawner_scrap":4,"minecraft:cobblestone":2},"minecraft:crafted":{"minecraft:crafting_table":1,"minecraft:birch_planks":252,"immersive_armors:wooden_chestplate":1,"minecraft:stick":8,"minecraft:wooden_axe":2,"immersive_armors:wooden_helmet":1},"minecraft:used":{"minecraft:stone_sword":42,"minecraft:birch_planks":11,"minecraft:stone_pickaxe":19,"minecraft:baked_potato":1,"minecraft:shield":1,"minecraft:spruce_planks":1,"minecraft:wooden_pickaxe":8,"minecraft:cooked_chicken":3,"minecraft:crafting_table":6,"minecraft:carrot":2,"minecraft:wooden_axe":118,"sophisticatedbackpacks:backpack":1,"minecraft:apple":1,"minecraft:wooden_sword":31,"minecraft:potion":1,"minecraft:porkchop":4,"alexsmobs:animal_dictionary":1,"immersive_armors:wooden_leggings":1,"minecraft:cooked_beef":1,"delightful:acorn":1},"minecraft:mined":{"minecraft:spruce_planks":4,"minecraft:crafting_table":7,"undead_unleashed:grave_soil":3,"minecraft:dead_bush":1,"minecraft:cobblestone":1,"minecraft:spawner":3,"supplementaries:urn":1,"minecraft:birch_planks":5,"minecraft:furnace":1,"minecraft:birch_log":90,"minecraft:iron_ore":14,"minecraft:birch_leaves":7,"minecraft:grass":2,"minecraft:coal_ore":2,"minecraft:oak_log":1,"minecraft:iron_bars":2,"minecraft:stone":1,"minecraft:polished_andesite":1,"minecraft:oak_leaves":5}},"DataVersion":3120}