{"stats":{"minecraft:dropped":{"minecraft:nether_brick_stairs":1,"minecraft:iron_sword":1,"majruszsaccessories:adventurer_kit":1,"minecraft:cobblestone":4,"minecraft:leather_chestplate":1,"minecraft:leather_boots":1,"minecraft:cracked_nether_bricks":1,"minecraft:bone":2},"minecraft:custom":{"enigmaticlegacy:play_time_with_seven_curses":0,"lootr:looted_stat":41,"minecraft:mob_kills":11,"enigmaticlegacy:play_time_without_seven_curses":41297,"minecraft:open_barrel":2,"minecraft:damage_dealt_resisted":0,"minecraft:eat_cake_slice":1,"minecraft:leave_game":1,"minecraft:time_since_death":14927,"minecraft:climb_one_cm":288,"minecraft:time_since_rest":14951,"minecraft:sprint_one_cm":168956,"minecraft:walk_one_cm":157590,"minecraft:damage_taken":1668,"minecraft:damage_absorbed":152,"minecraft:damage_blocked_by_shield":290,"minecraft:drop":8,"minecraft:damage_dealt":3416,"minecraft:fly_one_cm":82377,"minecraft:open_chest":5,"minecraft:crouch_one_cm":3246,"minecraft:play_time":41344,"minecraft:deaths":2,"minecraft:sneak_time":646,"minecraft:walk_under_water_one_cm":2557,"minecraft:interact_with_lectern":1,"minecraft:jump":551,"minecraft:walk_on_water_one_cm":3699,"minecraft:total_world_time":41344,"minecraft:fall_one_cm":16377},"minecraft:broken":{"minecraft:leather_leggings":1},"minecraft:killed":{"undead_unleashed:frenzied_knight":1,"minecraft:skeleton":3,"minecraft:zombie":4,"minecraft:stray":1,"undead_unleashed:haunter":1},"minecraft:killed_by":{"irons_spellbooks:pyromancer":1,"majruszsdifficulty:cursed_armor":1},"minecraft:picked_up":{"iter_rpg:spawner_fragment":3,"minecraft:leather_chestplate":1,"minecraft:tripwire_hook":8,"minecraft:leather_leggings":1,"enigmaticlegacy:enigmatic_eye":1,"minecraft:iron_axe":1,"minecraft:leather_boots":1,"minecraft:iron_shovel":1,"minecraft:bone":7,"supplementaries:wrench":1,"minecraft:stone_pickaxe":1,"minecraft:mossy_stone_bricks":1,"irons_spellbooks:inscription_table":1,"minecraft:cooked_porkchop":1,"minecraft:stone":29,"irons_spellbooks:frozen_bone":4,"patchouli:guide_book":1,"minecraft:cracked_nether_bricks":1,"minecraft:nether_brick_stairs":1,"minecraft:diorite":1,"minecraft:blue_carpet":2,"minecraft:mossy_cobblestone":1,"minecraft:polished_andesite":1,"minecraft:deepslate":1,"simplyswords:emberblade":1,"minecraft:chainmail_helmet":1,"minecraft:iron_bars":4,"forbidden_arcanus:spawner_scrap":3,"minecraft:cobblestone":12},"minecraft:mined":{"minecraft:light_gray_stained_glass_pane":1,"minecraft:mossy_cobblestone":1,"minecraft:granite":5,"minecraft:nether_bricks":1,"delightful:pumpkin_pie":1,"minecraft:cobblestone":4,"minecraft:diorite":1,"minecraft:spawner":5,"byg:soapstone":9,"minecraft:fire":1,"minecraft:nether_brick_stairs":1,"minecraft:vine":1,"minecraft:iron_bars":4,"minecraft:gravel":4,"minecraft:dirt":4,"minecraft:cracked_stone_bricks":1,"minecraft:stone":34,"irons_spellbooks:inscription_table":1,"minecraft:polished_andesite":3,"minecraft:netherrack":1,"minecraft:mossy_stone_bricks":1,"minecraft:deepslate":1},"minecraft:used":{"minecraft:leather_leggings":1,"minecraft:iron_shovel":7,"minecraft:stone_pickaxe":22,"minecraft:leather_chestplate":2,"minecraft:shield":4,"simplyswords:emberblade":37,"minecraft:golden_apple":4,"minecraft:nether_bricks":58,"minecraft:obsidian":3,"minecraft:diamond_pickaxe":53,"minecraft:iron_axe":5,"minecraft:bread":1,"minecraft:iron_boots":1,"alexsmobs:fedora":2,"minecraft:cobblestone":7,"alexsmobs:animal_dictionary":1,"irons_spellbooks:inscription_table":1}},"DataVersion":3120}