{"stats":{"minecraft:dropped":{"minecraft:iron_sword":1,"majruszsaccessories:adventurer_kit":1,"minecraft:leather_boots":1,"minecraft:cobblestone":4},"minecraft:custom":{"minecraft:time_since_rest":2951,"enigmaticlegacy:play_time_with_seven_curses":0,"minecraft:damage_absorbed":41,"lootr:looted_stat":37,"minecraft:sprint_one_cm":144253,"minecraft:damage_taken":1036,"minecraft:walk_one_cm":98923,"minecraft:mob_kills":5,"minecraft:drop":4,"minecraft:damage_dealt":1227,"enigmaticlegacy:play_time_without_seven_curses":29297,"minecraft:fly_one_cm":66825,"minecraft:open_barrel":2,"minecraft:crouch_one_cm":2667,"minecraft:play_time":29344,"minecraft:deaths":2,"minecraft:sneak_time":541,"minecraft:walk_under_water_one_cm":55,"minecraft:interact_with_lectern":1,"minecraft:damage_dealt_resisted":0,"minecraft:jump":410,"minecraft:eat_cake_slice":1,"minecraft:leave_game":1,"minecraft:walk_on_water_one_cm":1364,"minecraft:time_since_death":2927,"minecraft:climb_one_cm":224,"minecraft:total_world_time":29344,"minecraft:fall_one_cm":15212},"minecraft:broken":{"minecraft:leather_leggings":1},"minecraft:killed":{"minecraft:skeleton":3,"minecraft:zombie":1},"minecraft:killed_by":{"majruszsdifficulty:cursed_armor":1,"irons_spellbooks:pyromancer":1},"minecraft:picked_up":{"minecraft:tripwire_hook":8,"patchouli:guide_book":1,"minecraft:leather_leggings":1,"enigmaticlegacy:enigmatic_eye":1,"minecraft:iron_axe":1,"minecraft:leather_boots":1,"minecraft:iron_shovel":1,"minecraft:bone":2,"supplementaries:wrench":1,"simplyswords:emberblade":1,"minecraft:stone_pickaxe":1,"minecraft:chainmail_helmet":1,"irons_spellbooks:inscription_table":1,"minecraft:cobblestone":8},"minecraft:mined":{"delightful:pumpkin_pie":1,"minecraft:cracked_stone_bricks":1,"minecraft:polished_andesite":2,"irons_spellbooks:inscription_table":1,"minecraft:stone":5,"minecraft:spawner":1},"minecraft:used":{"minecraft:leather_leggings":1,"minecraft:iron_axe":5,"minecraft:bread":1,"minecraft:stone_pickaxe":9,"minecraft:leather_chestplate":2,"minecraft:iron_boots":1,"alexsmobs:fedora":2,"simplyswords:emberblade":7,"minecraft:golden_apple":1,"alexsmobs:animal_dictionary":1,"minecraft:obsidian":3}},"DataVersion":3120}