{"stats":{"minecraft:custom":{"minecraft:jump":127,"minecraft:damage_taken":44,"minecraft:time_since_rest":5344,"enigmaticlegacy:play_time_with_seven_curses":0,"lootr:looted_stat":3,"minecraft:walk_on_water_one_cm":421,"minecraft:crouch_one_cm":192,"minecraft:leave_game":1,"minecraft:sprint_one_cm":24748,"minecraft:play_time":5344,"minecraft:time_since_death":5344,"minecraft:walk_one_cm":11740,"minecraft:sneak_time":31,"enigmaticlegacy:play_time_without_seven_curses":5344,"minecraft:total_world_time":5344,"minecraft:walk_under_water_one_cm":55,"minecraft:interact_with_lectern":1,"minecraft:fall_one_cm":5043,"minecraft:fly_one_cm":26420},"minecraft:picked_up":{"irons_spellbooks:inscription_table":1},"minecraft:used":{"alexsmobs:animal_dictionary":1,"minecraft:iron_axe":1},"minecraft:mined":{"irons_spellbooks:inscription_table":1}},"DataVersion":3120}