{"stats":{"minecraft:used":{"alexsmobs:animal_dictionary":1},"minecraft:custom":{"minecraft:jump":101,"minecraft:time_since_rest":3358,"enigmaticlegacy:play_time_with_seven_curses":0,"minecraft:crouch_one_cm":113,"minecraft:leave_game":1,"minecraft:sprint_one_cm":12302,"minecraft:play_time":3358,"minecraft:time_since_death":3358,"minecraft:walk_one_cm":3287,"minecraft:sneak_time":23,"enigmaticlegacy:play_time_without_seven_curses":3358,"minecraft:total_world_time":3358,"minecraft:fall_one_cm":3998,"minecraft:fly_one_cm":20835}},"DataVersion":3120}