{"stats":{"minecraft:killed":{"minecraft:pig":2,"minecraft:spider":1,"minecraft:creeper":1,"minecraft:squid":2,"minecraft:sheep":2,"minecraft:skeleton":2,"minecraft:trader_llama":1,"minecraft:llama":2,"enemyexpansion:goblin":2},"minecraft:picked_up":{"minecraft:birch_log":4,"byg:soapstone":56,"minecraft:iron_chestplate":1,"minecraft:crafting_table":1,"minecraft:andesite":11,"minecraft:leather":11,"minecraft:birch_planks":16,"minecraft:oak_log":3,"domum_ornamentum:beige_bricks":4,"minecraft:gunpowder":2,"forbidden_arcanus:xpetrified_orb":4,"minecraft:dirt":113,"minecraft:string":4,"apotheosis:epic_material":1,"minecraft:raw_copper":83,"minecraft:bone":4,"minecraft:experience_bottle":3,"minecraft:apple":1,"minecraft:bow":1,"minecraft:raw_gold":6,"twigs:pebble":1,"minecraft:iron_ingot":10,"minecraft:spruce_slab":1,"minecraft:iron_pickaxe":4,"galosphere:raw_silver":9,"minecraft:oak_planks":4,"minecraft:iron_sword":4,"byg:yellow_daffodil":3,"minecraft:stick":2,"minecraft:raw_iron":28,"apotheosis:gem":3,"patchouli:guide_book":5,"forbidden_arcanus:tentacle":2,"minecraft:torch":22,"minecraft:gravel":5,"minecraft:porkchop":3,"enigmaticlegacy:enigmatic_amulet":2,"minecolonies:blockhutfield":1,"undead_unleashed:grave_metal_scrap":1,"minecraft:ink_sac":7,"minecraft:diorite":40,"iter_rpg:stone_geode":5,"minecraft:spider_eye":2,"alexsmobs:animal_dictionary":1,"forbidden_arcanus:arcane_crystal":1,"byg:biomepedia":1,"minecraft:stone_sword":1,"minecraft:diamond":1,"majruszsaccessories:lucky_rock":1,"ars_nouveau:worn_notebook":1,"minecraft:hay_block":16,"minecraft:granite":61,"minecraft:bread":30,"minecraft:gold_ingot":2,"minecraft:emerald":4,"minecraft:mutton":2,"minecraft:coal":20,"minecraft:white_wool":2,"minecraft:cobblestone":823},"minecraft:mined":{"byg:clover_patch":1,"twigs:pebble":1,"minecraft:torch":4,"minecraft:crafting_table":1,"minecraft:granite":60,"minecraft:grass_block":5,"galosphere:silver_ore":7,"minecraft:copper_ore":20,"minecraft:diorite":42,"minecraft:wall_torch":17,"minecraft:hay_block":14,"forbidden_arcanus:arcane_crystal_ore":1,"byg:soapstone":59,"forbidden_arcanus:xpetrified_ore":4,"minecraft:birch_log":4,"minecraft:iron_ore":24,"minecraft:andesite":42,"minecraft:oak_log":3,"minecraft:grass":1,"minecraft:deepslate_iron_ore":3,"iter_rpg:geodite":1,"minecraft:gravel":11,"byg:apple_fruit_block":1,"minecraft:dirt":37,"minecraft:cobweb":2,"minecraft:stone":713,"minecraft:gold_ore":6,"minecraft:deepslate":5},"minecraft:killed_by":{"minecraft:skeleton":3,"enemyexpansion:equestrian":1},"minecraft:custom":{"enigmaticlegacy:play_time_with_seven_curses":0,"minecraft:interact_with_furnace":4,"lootr:looted_stat":6,"minecraft:mob_kills":13,"enigmaticlegacy:play_time_without_seven_curses":113429,"minecraft:interact_with_crafting_table":17,"goblintraders:trade_with_goblin":64,"minecraft:leave_game":3,"minecraft:climb_one_cm":380,"minecraft:time_since_death":5388,"minecraft:damage_resisted":0,"minecraft:time_since_rest":5449,"minecraft:sprint_one_cm":88905,"minecraft:damage_taken":1761,"minecraft:walk_one_cm":243579,"minecraft:drop":83,"minecraft:damage_dealt":5417,"minecraft:talked_to_villager":2,"minecraft:fly_one_cm":158277,"minecraft:open_chest":3,"minecraft:crouch_one_cm":398,"minecraft:play_time":113722,"minecraft:deaths":4,"minecraft:sneak_time":564,"minecraft:walk_under_water_one_cm":5874,"minecraft:jump":833,"minecraft:walk_on_water_one_cm":15825,"minecraft:total_world_time":113722,"minecraft:fall_one_cm":166508},"minecraft:dropped":{"minecraft:gravel":5,"minecraft:iron_ingot":22,"minecraft:iron_sword":1,"minecraft:stone_sword":1,"minecolonies:blockhutfield":1,"minecraft:raw_copper":53,"forbidden_arcanus:tentacle":2,"minecraft:cobblestone":589,"minecraft:granite":59,"iter_rpg:stone_geode":5,"undead_unleashed:grave_metal_scrap":1,"byg:yellow_daffodil":3,"patchouli:guide_book":2,"minecraft:stick":9,"minecraft:dirt":92,"minecraft:hay_block":2,"galosphere:raw_silver":2,"minecraft:diorite":40,"minecraft:ink_sac":5,"minecraft:torch":1,"minecraft:andesite":11,"byg:soapstone":56,"minecraft:spider_eye":2,"minecraft:spruce_slab":1,"domum_ornamentum:beige_bricks":2,"enigmaticlegacy:enigmatic_amulet":1,"minecraft:white_wool":2},"minecraft:broken":{"minecraft:iron_pickaxe":3},"minecraft:used":{"woodworks:oak_chest":1,"minecraft:iron_sword":68,"minecraft:iron_chestplate":3,"minecraft:torch":55,"minecraft:dirt":13,"minecraft:crafting_table":3,"minecraft:granite":2,"minecraft:apple":1,"minecraft:bread":6,"minecraft:iron_pickaxe":997,"minecraft:iron_helmet":3,"minecraft:cobblestone":31,"minecraft:furnace":1,"minecraft:porkchop":1,"alexsmobs:animal_dictionary":3,"twigs:pebble":1,"minecraft:experience_bottle":3},"minecraft:crafted":{"minecraft:emerald":8,"minecraft:copper_ingot":60,"minecraft:birch_planks":8,"minecraft:bread":34,"minecraft:air":0,"minecraft:iron_ingot":46,"minecraft:gold_ingot":9,"minecraft:torch":24,"minecraft:wheat":90}},"DataVersion":3120}