{"stats":{"minecraft:killed":{"irons_spellbooks:summoned_zombie":3,"minecraft:spider":1,"minecraft:skeleton":5,"minecraft:llama":2,"enemyexpansion:goblin":2,"minecraft:pig":3,"enemyexpansion:sprinter":1,"minecraft:squid":2,"minecraft:creeper":1,"minecraft:sheep":2,"minecraft:trader_llama":1,"minecraft:zombie":2},"minecraft:picked_up":{"minecraft:wheat":2,"minecraft:crafting_table":3,"minecraft:iron_chestplate":1,"byg:soapstone":70,"minecraft:leather_leggings":3,"minecraft:lead":2,"galosphere:silver_ingot":7,"forbidden_arcanus:xpetrified_orb":10,"minecraft:string":6,"apotheosis:epic_material":2,"minecraft:raw_copper":83,"simplyswords:diamond_twinblade":2,"minecraft:experience_bottle":3,"woodworks:oak_chest":2,"undead_unleashed:grave_metal_ingot":4,"minecraft:spruce_planks":8,"minecraft:cobbled_deepslate":5,"bosses_of_mass_destruction:soul_star":1,"twigs:pebble":2,"minecraft:iron_pickaxe":6,"minecraft:spruce_slab":1,"farmersdelight:cabbage_seeds":7,"minecraft:furnace":4,"byg:yellow_daffodil":3,"minecraft:stick":2,"minecraft:raw_iron":87,"apotheosis:gem":22,"forbidden_arcanus:tentacle":2,"minecraft:copper_ingot":120,"minecraft:torch":43,"minecraft:porkchop":5,"minecolonies:blockhutfield":1,"minecraft:pointed_dripstone":3,"minecraft:diorite":52,"minecraft:arrow":1,"byg:biomepedia":2,"minecraft:stone_sword":4,"minecraft:rotten_flesh":69,"majruszsaccessories:lucky_rock":1,"forbidden_arcanus:splash_aureal_bottle":4,"ars_nouveau:worn_notebook":2,"minecraft:hay_block":16,"minecraft:saddle":1,"minecraft:gold_ingot":2,"supplementaries:ash":7,"minecraft:mutton":2,"forbidden_arcanus:spawner_scrap":1,"minecraft:cobblestone":1109,"minecraft:white_wool":2,"minecraft:birch_log":4,"minecraft:leather_chestplate":5,"minecraft:andesite":23,"minecraft:leather":11,"majruszsdifficulty:tattered_helmet":1,"minecraft:birch_planks":16,"majruszsaccessories:certificate_of_taming":1,"minecraft:oak_log":8,"domum_ornamentum:beige_bricks":4,"minecraft:gunpowder":2,"minecraft:lapis_lazuli":16,"minecraft:dirt":162,"minecraft:bone":22,"minecraft:apple":1,"minecraft:bow":3,"minecraft:wheat_seeds":2,"minecraft:raw_gold":23,"minecraft:iron_ingot":10,"twigs:twig":1,"galosphere:raw_silver":33,"minecraft:iron_sword":6,"minecraft:oak_planks":4,"patchouli:guide_book":8,"minecraft:dripstone_block":7,"minecraft:gravel":7,"enigmaticlegacy:enigmatic_amulet":2,"undead_unleashed:grave_metal_scrap":3,"minecraft:ink_sac":7,"minecraft:spruce_log":4,"iter_rpg:stone_geode":5,"ars_nouveau:wilden_horn":6,"minecraft:leather_helmet":1,"minecraft:spider_eye":2,"alexsmobs:animal_dictionary":5,"minecraft:mossy_cobblestone":6,"forbidden_arcanus:arcane_crystal":15,"minecraft:diamond":1,"minecraft:purple_glazed_terracotta":4,"minecraft:granite":107,"minecraft:mossy_cobblestone_stairs":3,"minecraft:emerald":4,"minecraft:bread":89,"twigs:rhyolite":1,"minecraft:coal":136},"minecraft:mined":{"minecraft:purple_glazed_terracotta":4,"byg:clover_patch":2,"minecraft:mossy_cobblestone":1,"minecraft:granite":81,"minecraft:grass_block":11,"minecraft:spruce_leaves":1,"minecraft:hay_block":14,"forbidden_arcanus:arcane_crystal_ore":1,"forbidden_arcanus:deepslate_arcane_crystal_ore":7,"minecraft:furnace":4,"minecraft:iron_ore":73,"minecraft:andesite":52,"iter_rpg:geodite":1,"minecraft:deepslate_iron_ore":4,"byg:apple_fruit_block":1,"minecraft:stone":876,"twigs:pebble":1,"galosphere:deepslate_silver_ore":7,"minecraft:crafting_table":3,"minecraft:torch":14,"galosphere:silver_ore":24,"woodworks:oak_chest":2,"minecraft:cobblestone":3,"minecraft:copper_ore":20,"minecraft:deepslate_coal_ore":2,"minecraft:deepslate_gold_ore":4,"minecraft:lapis_ore":1,"minecraft:diorite":54,"minecraft:wall_torch":27,"supplementaries:urn":1,"byg:soapstone":73,"forbidden_arcanus:xpetrified_ore":8,"minecraft:birch_log":4,"minecraft:spruce_log":4,"minecraft:grass":1,"minecraft:oak_log":8,"minecraft:coal_ore":57,"quark:monster_box":1,"minecraft:gravel":11,"minecraft:dripstone_block":1,"minecraft:dirt":66,"minecraft:cobweb":4,"twigs:rhyolite":1,"minecraft:gold_ore":19,"minecraft:deepslate":10},"minecraft:killed_by":{"enemyexpansion:equestrian":1,"minecraft:skeleton":5,"minecraft:zombie":3,"majruszsdifficulty:cursed_armor":3},"minecraft:custom":{"enigmaticlegacy:play_time_with_seven_curses":0,"lootr:looted_stat":10,"minecraft:mob_kills":23,"minecraft:interact_with_crafting_table":39,"goblintraders:trade_with_goblin":64,"minecraft:damage_dealt_resisted":36,"minecraft:leave_game":3,"minecraft:time_since_death":2960,"minecraft:climb_one_cm":380,"minecraft:damage_resisted":0,"minecraft:sprint_one_cm":137515,"minecraft:walk_one_cm":448279,"minecraft:drop":162,"minecraft:talked_to_villager":3,"minecraft:play_time":197722,"minecraft:deaths":12,"minecraft:sneak_time":3064,"minecraft:walk_under_water_one_cm":17751,"minecraft:jump":1570,"minecraft:walk_on_water_one_cm":28074,"minecraft:total_world_time":197722,"minecraft:interact_with_furnace":30,"enigmaticlegacy:play_time_without_seven_curses":196972,"minecraft:sleep_in_bed":2,"minecraft:time_since_rest":2984,"minecraft:waystone_activated":1,"minecraft:damage_taken":5429,"minecraft:damage_dealt":12381,"minecraft:fly_one_cm":297360,"minecraft:open_chest":15,"minecraft:crouch_one_cm":4088,"minecraft:fall_one_cm":334979,"minecraft:horse_one_cm":5623},"minecraft:dropped":{"minecraft:iron_ingot":22,"minecraft:iron_sword":2,"minecraft:lapis_lazuli":7,"minecolonies:blockhutfield":1,"minecraft:purple_glazed_terracotta":4,"minecraft:dripstone_block":4,"forbidden_arcanus:tentacle":2,"minecraft:cobblestone":738,"majruszsdifficulty:tattered_helmet":1,"minecraft:granite":98,"iter_rpg:stone_geode":5,"minecraft:saddle":1,"minecraft:copper_ingot":120,"undead_unleashed:grave_metal_scrap":1,"minecraft:coal":2,"minecraft:stick":9,"twigs:pebble":1,"minecraft:dirt":135,"minecraft:blue_dye":5,"galosphere:raw_silver":2,"minecraft:diorite":52,"minecraft:ink_sac":5,"minecraft:torch":1,"byg:soapstone":70,"forbidden_arcanus:spawner_scrap":1,"minecraft:mossy_cobblestone_stairs":2,"minecraft:white_wool":2,"twigs:twig":1,"minecraft:gravel":7,"twigs:rhyolite":1,"minecraft:stone_sword":4,"alexsmobs:animal_dictionary":1,"minecraft:raw_copper":53,"minecraft:wheat":2,"minecraft:pointed_dripstone":2,"minecraft:rotten_flesh":20,"patchouli:guide_book":2,"byg:yellow_daffodil":3,"minecraft:leather_chestplate":3,"supplementaries:ash":7,"minecraft:hay_block":2,"minecraft:spruce_planks":8,"minecraft:andesite":21,"minecraft:leather_leggings":2,"minecraft:spider_eye":2,"domum_ornamentum:beige_bricks":2,"minecraft:spruce_slab":1,"minecraft:bow":1,"enigmaticlegacy:enigmatic_amulet":1},"minecraft:broken":{"minecraft:leather_chestplate":1,"minecraft:iron_pickaxe":5},"minecraft:crafted":{"galosphere:silver_ingot":0,"minecraft:wheat":90,"minecraft:emerald":8,"minecraft:copper_ingot":60,"minecraft:birch_planks":8,"minecraft:bread":34,"minecraft:air":0,"minecraft:iron_ingot":46,"minecraft:gold_ingot":9,"minecraft:torch":24},"minecraft:used":{"woodworks:oak_chest":3,"minecraft:iron_sword":141,"woodworks:spruce_chest":2,"minecraft:iron_chestplate":6,"simplyswords:diamond_twinblade":29,"minecraft:torch":131,"minecraft:dirt":20,"minecraft:granite":2,"minecraft:iron_helmet":6,"minecraft:iron_boots":3,"minecraft:furnace":9,"minecraft:iron_leggings":4,"minecraft:leather_chestplate":1,"minecraft:crafting_table":5,"minecraft:apple":1,"minecraft:bread":15,"minecraft:iron_pickaxe":1416,"minecraft:leather_helmet":1,"minecraft:cobblestone":52,"minecraft:porkchop":1,"alexsmobs:animal_dictionary":4,"twigs:pebble":1,"minecraft:experience_bottle":3}},"DataVersion":3120}