{"stats":{"minecraft:killed":{"minecraft:spider":1,"minecraft:skeleton":3,"minecraft:llama":2,"enemyexpansion:goblin":2,"minecraft:pig":3,"minecraft:squid":2,"minecraft:creeper":1,"minecraft:sheep":2,"minecraft:trader_llama":1,"minecraft:zombie":1},"minecraft:picked_up":{"minecraft:wheat":2,"minecraft:crafting_table":3,"minecraft:iron_chestplate":1,"byg:soapstone":70,"minecraft:lead":2,"galosphere:silver_ingot":7,"forbidden_arcanus:xpetrified_orb":8,"minecraft:string":5,"apotheosis:epic_material":1,"minecraft:raw_copper":83,"minecraft:experience_bottle":3,"woodworks:oak_chest":1,"undead_unleashed:grave_metal_ingot":2,"minecraft:cobbled_deepslate":3,"twigs:pebble":1,"minecraft:iron_pickaxe":5,"minecraft:spruce_slab":1,"minecraft:furnace":4,"byg:yellow_daffodil":3,"minecraft:stick":2,"minecraft:raw_iron":77,"apotheosis:gem":9,"forbidden_arcanus:tentacle":2,"minecraft:torch":40,"minecraft:porkchop":5,"minecolonies:blockhutfield":1,"minecraft:diorite":52,"byg:biomepedia":1,"minecraft:stone_sword":1,"minecraft:rotten_flesh":1,"majruszsaccessories:lucky_rock":1,"ars_nouveau:worn_notebook":1,"minecraft:hay_block":16,"minecraft:gold_ingot":2,"supplementaries:ash":7,"minecraft:mutton":2,"minecraft:cobblestone":969,"minecraft:white_wool":2,"minecraft:birch_log":4,"minecraft:andesite":21,"minecraft:leather":11,"minecraft:birch_planks":16,"majruszsaccessories:certificate_of_taming":1,"minecraft:oak_log":8,"domum_ornamentum:beige_bricks":4,"minecraft:gunpowder":2,"minecraft:lapis_lazuli":16,"minecraft:dirt":122,"minecraft:bone":13,"minecraft:apple":1,"minecraft:bow":1,"minecraft:wheat_seeds":2,"minecraft:raw_gold":19,"minecraft:iron_ingot":10,"galosphere:raw_silver":27,"minecraft:iron_sword":5,"minecraft:oak_planks":4,"patchouli:guide_book":5,"minecraft:dripstone_block":1,"minecraft:gravel":5,"enigmaticlegacy:enigmatic_amulet":2,"undead_unleashed:grave_metal_scrap":1,"minecraft:ink_sac":7,"iter_rpg:stone_geode":5,"minecraft:spider_eye":2,"alexsmobs:animal_dictionary":1,"forbidden_arcanus:arcane_crystal":1,"minecraft:diamond":1,"minecraft:purple_glazed_terracotta":4,"minecraft:granite":82,"minecraft:emerald":4,"minecraft:bread":30,"twigs:rhyolite":1,"minecraft:coal":132},"minecraft:mined":{"minecraft:purple_glazed_terracotta":4,"byg:clover_patch":2,"minecraft:granite":81,"minecraft:grass_block":9,"minecraft:hay_block":14,"forbidden_arcanus:arcane_crystal_ore":1,"minecraft:furnace":4,"minecraft:iron_ore":73,"minecraft:andesite":52,"iter_rpg:geodite":1,"minecraft:deepslate_iron_ore":4,"byg:apple_fruit_block":1,"minecraft:stone":876,"twigs:pebble":1,"galosphere:deepslate_silver_ore":1,"minecraft:crafting_table":3,"minecraft:torch":13,"galosphere:silver_ore":24,"woodworks:oak_chest":1,"minecraft:copper_ore":20,"minecraft:deepslate_coal_ore":2,"minecraft:lapis_ore":1,"minecraft:diorite":54,"minecraft:wall_torch":25,"supplementaries:urn":1,"byg:soapstone":73,"forbidden_arcanus:xpetrified_ore":8,"minecraft:birch_log":4,"minecraft:grass":1,"minecraft:oak_log":8,"minecraft:coal_ore":57,"minecraft:gravel":11,"minecraft:dripstone_block":1,"minecraft:dirt":44,"minecraft:cobweb":3,"twigs:rhyolite":1,"minecraft:gold_ore":19,"minecraft:deepslate":8},"minecraft:killed_by":{"enemyexpansion:equestrian":1,"minecraft:skeleton":4},"minecraft:custom":{"enigmaticlegacy:play_time_with_seven_curses":0,"lootr:looted_stat":7,"minecraft:mob_kills":16,"minecraft:interact_with_crafting_table":36,"goblintraders:trade_with_goblin":64,"minecraft:leave_game":3,"minecraft:time_since_death":6696,"minecraft:climb_one_cm":380,"minecraft:damage_resisted":0,"minecraft:sprint_one_cm":105863,"minecraft:walk_one_cm":349127,"minecraft:drop":96,"minecraft:talked_to_villager":3,"minecraft:play_time":161722,"minecraft:deaths":5,"minecraft:sneak_time":1195,"minecraft:walk_under_water_one_cm":17751,"minecraft:jump":1236,"minecraft:walk_on_water_one_cm":27169,"minecraft:total_world_time":161722,"minecraft:interact_with_furnace":30,"enigmaticlegacy:play_time_without_seven_curses":161403,"minecraft:sleep_in_bed":2,"minecraft:time_since_rest":6722,"minecraft:waystone_activated":1,"minecraft:damage_taken":2262,"minecraft:damage_dealt":7124,"minecraft:fly_one_cm":228174,"minecraft:open_chest":9,"minecraft:crouch_one_cm":778,"minecraft:fall_one_cm":231680,"minecraft:horse_one_cm":4053},"minecraft:dropped":{"minecraft:iron_ingot":22,"minecraft:iron_sword":1,"minecraft:lapis_lazuli":7,"minecolonies:blockhutfield":1,"minecraft:dripstone_block":1,"forbidden_arcanus:tentacle":2,"minecraft:cobblestone":589,"minecraft:granite":75,"iter_rpg:stone_geode":5,"undead_unleashed:grave_metal_scrap":1,"minecraft:stick":9,"minecraft:dirt":97,"minecraft:blue_dye":5,"galosphere:raw_silver":2,"minecraft:diorite":52,"minecraft:ink_sac":5,"minecraft:torch":1,"byg:soapstone":70,"minecraft:white_wool":2,"minecraft:gravel":5,"twigs:rhyolite":1,"minecraft:stone_sword":1,"minecraft:raw_copper":53,"patchouli:guide_book":2,"byg:yellow_daffodil":3,"supplementaries:ash":7,"minecraft:hay_block":2,"minecraft:andesite":19,"minecraft:spider_eye":2,"domum_ornamentum:beige_bricks":2,"minecraft:spruce_slab":1,"enigmaticlegacy:enigmatic_amulet":1},"minecraft:broken":{"minecraft:iron_pickaxe":5},"minecraft:crafted":{"galosphere:silver_ingot":0,"minecraft:wheat":90,"minecraft:emerald":8,"minecraft:copper_ingot":60,"minecraft:birch_planks":8,"minecraft:bread":34,"minecraft:air":0,"minecraft:iron_ingot":46,"minecraft:gold_ingot":9,"minecraft:torch":24},"minecraft:used":{"woodworks:oak_chest":2,"minecraft:iron_sword":98,"minecraft:iron_chestplate":4,"minecraft:torch":116,"minecraft:dirt":20,"minecraft:granite":2,"minecraft:iron_helmet":4,"minecraft:iron_boots":2,"minecraft:furnace":9,"minecraft:iron_leggings":2,"minecraft:crafting_table":5,"minecraft:apple":1,"minecraft:bread":9,"minecraft:iron_pickaxe":1389,"minecraft:cobblestone":46,"minecraft:porkchop":1,"alexsmobs:animal_dictionary":4,"twigs:pebble":1,"minecraft:experience_bottle":3}},"DataVersion":3120}