{"stats":{"minecraft:killed":{"irons_spellbooks:summoned_zombie":3,"minecraft:spider":1,"minecraft:skeleton":5,"minecraft:llama":2,"enemyexpansion:goblin":2,"minecraft:pig":3,"enemyexpansion:sprinter":1,"minecraft:squid":2,"minecraft:creeper":1,"minecraft:sheep":2,"minecraft:trader_llama":1,"minecraft:zombie":17},"minecraft:picked_up":{"iter_rpg:spawner_fragment":1,"twigs:petrified_lichen":5,"minecraft:wheat":2,"minecraft:crafting_table":3,"minecraft:iron_chestplate":1,"byg:soapstone":70,"undead_unleashed:cursed_cloth":2,"minecraft:leather_leggings":3,"aether:iron_gloves":1,"minecraft:lead":2,"galosphere:silver_ingot":7,"forbidden_arcanus:xpetrified_orb":10,"minecraft:string":7,"apotheosis:epic_material":2,"minecraft:raw_copper":83,"simplyswords:diamond_twinblade":2,"minecraft:experience_bottle":3,"woodworks:oak_chest":2,"minecraft:cracked_stone_bricks":1,"undead_unleashed:grave_metal_ingot":4,"minecraft:spruce_planks":8,"minecraft:cobbled_deepslate":14,"bosses_of_mass_destruction:soul_star":1,"twigs:pebble":2,"minecraft:iron_pickaxe":7,"minecraft:spruce_slab":1,"farmersdelight:cabbage_seeds":7,"minecraft:furnace":4,"byg:yellow_daffodil":3,"minecraft:stick":2,"minecraft:raw_iron":95,"apotheosis:gem":26,"forbidden_arcanus:tentacle":2,"minecraft:copper_ingot":120,"minecraft:torch":45,"minecraft:porkchop":5,"minecolonies:blockhutfield":1,"minecraft:pointed_dripstone":10,"minecraft:diorite":52,"majruszsaccessories:adventurer_kit":2,"minecraft:redstone":7,"minecraft:arrow":1,"byg:biomepedia":2,"minecraft:stone_sword":4,"minecraft:rotten_flesh":100,"majruszsaccessories:lucky_rock":3,"forbidden_arcanus:splash_aureal_bottle":4,"ars_nouveau:worn_notebook":2,"minecraft:hay_block":16,"minecraft:saddle":1,"minecraft:gold_ingot":2,"supplementaries:ash":7,"minecraft:mutton":2,"forbidden_arcanus:spawner_scrap":2,"minecraft:cobblestone":1110,"minecraft:white_wool":2,"minecraft:birch_log":4,"minecraft:leather_chestplate":5,"minecraft:glow_ink_sac":11,"minecraft:andesite":23,"minecraft:leather":11,"majruszsdifficulty:tattered_helmet":1,"minecraft:potato":4,"minecraft:birch_planks":16,"majruszsaccessories:certificate_of_taming":1,"minecraft:tuff":1,"savage_and_ravage:creeper_spores":2,"minecraft:oak_log":8,"domum_ornamentum:beige_bricks":4,"supplementaries:flax_seeds":1,"minecraft:gunpowder":2,"minecraft:wither_skeleton_skull":1,"minecraft:lapis_lazuli":16,"minecraft:dirt":162,"minecraft:leather_boots":1,"minecraft:bone":29,"majruszsaccessories:miner_guide":1,"minecraft:apple":1,"minecraft:stone_bricks":1,"minecraft:bow":3,"minecraft:wheat_seeds":2,"minecraft:raw_gold":28,"minecraft:iron_ingot":10,"twigs:twig":2,"galosphere:raw_silver":33,"minecraft:iron_sword":6,"minecraft:oak_planks":4,"patchouli:guide_book":8,"minecraft:dripstone_block":13,"minecraft:gravel":7,"enigmaticlegacy:enigmatic_amulet":3,"undead_unleashed:grave_metal_scrap":3,"minecraft:ink_sac":7,"minecraft:spruce_log":4,"iter_rpg:stone_geode":6,"ars_nouveau:wilden_horn":6,"minecraft:leather_helmet":2,"minecraft:spider_eye":10,"alexsmobs:animal_dictionary":5,"minecraft:mossy_cobblestone":8,"minecraft:bundle":2,"forbidden_arcanus:arcane_crystal":19,"minecraft:diamond":1,"minecraft:purple_glazed_terracotta":4,"minecraft:granite":107,"minecraft:mossy_cobblestone_stairs":3,"minecraft:emerald":4,"minecraft:bread":89,"twigs:rhyolite":1,"minecraft:coal":136},"minecraft:mined":{"minecraft:purple_glazed_terracotta":4,"byg:clover_patch":2,"minecraft:mossy_cobblestone":3,"minecraft:granite":81,"minecraft:grass_block":11,"minecraft:spruce_leaves":1,"minecraft:hay_block":14,"forbidden_arcanus:arcane_crystal_ore":1,"forbidden_arcanus:deepslate_arcane_crystal_ore":11,"minecraft:furnace":4,"minecraft:iron_ore":73,"minecraft:andesite":52,"iter_rpg:geodite":1,"minecraft:deepslate_iron_ore":11,"byg:apple_fruit_block":1,"minecraft:stone":876,"minecraft:deepslate_redstone_ore":1,"twigs:pebble":1,"galosphere:deepslate_silver_ore":7,"minecraft:crafting_table":3,"minecraft:torch":14,"twigs:petrified_lichen":4,"galosphere:silver_ore":24,"woodworks:oak_chest":2,"minecraft:cobblestone":4,"minecraft:copper_ore":20,"minecraft:deepslate_coal_ore":2,"minecraft:deepslate_gold_ore":5,"minecraft:lapis_ore":1,"minecraft:diorite":54,"minecraft:wall_torch":28,"supplementaries:urn":1,"byg:soapstone":73,"forbidden_arcanus:xpetrified_ore":8,"minecraft:birch_log":4,"minecraft:spruce_log":4,"minecraft:grass":1,"minecraft:oak_log":8,"minecraft:coal_ore":57,"quark:monster_box":1,"minecraft:gravel":11,"minecraft:dripstone_block":1,"minecraft:dirt":66,"minecraft:cobweb":4,"minecraft:cracked_stone_bricks":1,"twigs:rhyolite":1,"minecraft:stone_bricks":1,"minecraft:gold_ore":23,"minecraft:deepslate":11},"minecraft:killed_by":{"whisperwoods:zotzpyre":1,"enemyexpansion:equestrian":1,"minecraft:skeleton":5,"minecraft:zombie":5,"alexsmobs:grizzly_bear":1,"majruszsdifficulty:cursed_armor":3,"enemyexpansion:invisicreeper":2},"minecraft:custom":{"enigmaticlegacy:play_time_with_seven_curses":0,"lootr:looted_stat":12,"minecraft:interact_with_anvil":1,"minecraft:mob_kills":38,"minecraft:interact_with_crafting_table":42,"goblintraders:trade_with_goblin":64,"minecraft:damage_dealt_resisted":36,"minecraft:leave_game":3,"minecraft:time_since_death":10014,"minecraft:climb_one_cm":380,"minecraft:damage_resisted":0,"minecraft:sprint_one_cm":190904,"minecraft:walk_one_cm":563491,"minecraft:drop":198,"minecraft:talked_to_villager":3,"minecraft:play_time":239722,"minecraft:deaths":18,"minecraft:sneak_time":3327,"minecraft:walk_under_water_one_cm":18021,"minecraft:jump":2247,"minecraft:walk_on_water_one_cm":32725,"minecraft:total_world_time":239722,"minecraft:interact_with_furnace":33,"enigmaticlegacy:play_time_without_seven_curses":238715,"minecraft:sleep_in_bed":2,"minecraft:time_since_rest":10050,"minecraft:waystone_activated":1,"minecraft:damage_taken":9014,"minecraft:damage_dealt":24291,"minecraft:fly_one_cm":475226,"minecraft:open_chest":30,"minecraft:crouch_one_cm":4271,"minecraft:fall_one_cm":550798,"minecraft:horse_one_cm":6363},"minecraft:dropped":{"minecraft:iron_ingot":22,"minecraft:iron_sword":2,"minecraft:lapis_lazuli":11,"minecraft:glow_ink_sac":6,"minecolonies:blockhutfield":1,"minecraft:purple_glazed_terracotta":4,"majruszsaccessories:adventurer_kit":1,"minecraft:dripstone_block":4,"forbidden_arcanus:tentacle":2,"minecraft:cobblestone":738,"majruszsdifficulty:tattered_helmet":1,"minecraft:granite":98,"iter_rpg:stone_geode":5,"minecraft:saddle":1,"minecraft:copper_ingot":120,"undead_unleashed:grave_metal_scrap":1,"minecraft:leather_helmet":1,"minecraft:coal":2,"minecraft:stick":9,"twigs:pebble":1,"minecraft:dirt":135,"minecraft:blue_dye":5,"galosphere:raw_silver":2,"minecraft:diorite":52,"minecraft:ink_sac":5,"minecraft:torch":1,"byg:soapstone":70,"forbidden_arcanus:spawner_scrap":1,"minecraft:iron_pickaxe":1,"minecraft:mossy_cobblestone_stairs":2,"minecraft:white_wool":2,"twigs:twig":2,"minecraft:redstone":4,"minecraft:gravel":7,"twigs:rhyolite":1,"minecraft:stone_sword":4,"alexsmobs:animal_dictionary":1,"minecraft:cobbled_deepslate":5,"minecraft:raw_copper":53,"minecraft:tuff":1,"minecraft:wheat":2,"minecraft:raw_iron":1,"minecraft:pointed_dripstone":6,"minecraft:rotten_flesh":20,"patchouli:guide_book":2,"byg:yellow_daffodil":3,"minecraft:leather_chestplate":3,"supplementaries:ash":7,"minecraft:hay_block":2,"aether:iron_gloves":1,"minecraft:bundle":2,"minecraft:spruce_planks":8,"minecraft:andesite":21,"minecraft:leather_boots":1,"minecraft:leather_leggings":2,"minecraft:spider_eye":10,"domum_ornamentum:beige_bricks":2,"minecraft:spruce_slab":1,"minecraft:arrow":1,"minecraft:bow":3,"majruszsaccessories:lucky_rock":1,"enigmaticlegacy:enigmatic_amulet":1},"minecraft:broken":{"minecraft:leather_chestplate":1,"minecraft:iron_pickaxe":5,"minecraft:iron_helmet":1},"minecraft:crafted":{"galosphere:silver_ingot":0,"minecraft:wheat":90,"minecraft:emerald":8,"minecraft:copper_ingot":60,"minecraft:birch_planks":8,"minecraft:bread":34,"minecraft:air":0,"minecraft:iron_ingot":46,"minecraft:gold_ingot":9,"minecraft:torch":24},"minecraft:used":{"woodworks:oak_chest":3,"minecraft:iron_sword":141,"woodworks:spruce_chest":2,"minecraft:iron_chestplate":9,"simplyswords:diamond_twinblade":159,"minecraft:torch":161,"minecraft:dirt":20,"minecraft:granite":2,"minecraft:iron_helmet":7,"minecraft:iron_boots":5,"minecraft:stone_bricks":1,"minecraft:furnace":9,"minecraft:cobbled_deepslate":3,"minecraft:iron_leggings":7,"minecraft:leather_chestplate":1,"minecraft:cracked_stone_bricks":1,"minecraft:mossy_cobblestone":2,"minecraft:crafting_table":5,"minecraft:apple":1,"minecraft:bread":25,"minecraft:iron_pickaxe":1444,"minecraft:leather_helmet":1,"minecraft:cobblestone":53,"minecraft:porkchop":1,"alexsmobs:animal_dictionary":4,"twigs:pebble":1,"minecraft:experience_bottle":3}},"DataVersion":3120}