{
    "name": "Heavenly Hunger",
    "description": "Your stomach craves divine sustinence and as such you may only eat golden apples and carrots.",
    "type": "origins:prevent_item_use",
    "item_condition": {
        "type": "origins:and",
        "conditions": [
            {
                "type": "origins:food"
            },
            {
                "inverted": true,
                "type": "origins:ingredient",
                "ingredient": {
                    "item": "minecraft:golden_apple"
                }
            },
            {
                "inverted": true,
                "type": "origins:ingredient",
                "ingredient": {
                    "item": "minecraft:golden_carrot"
                }
            },
            {
                "inverted": true,
                "type": "origins:ingredient",
                "ingredient": {
                    "item": "minecraft:enchanted_golden_apple"
                }
            },
            {
                "inverted": true,
                "type": "origins:ingredient",
                "ingredient": {
                    "item": "twilightforest:meef_stroganoff"
                }
            },
            {
                "inverted": true,
                "type": "origins:ingredient",
                "ingredient": {
                    "item": "enigmaticlegacy:forbidden_fruit"
                }
            },
            {
                "type": "origins:ingredient",
                "ingredient": {
                    "item": "enigmaticlegacy:astral_fruit"
                }
            }
        ]
    }
}